country,kof_econ_defacto,coal_metal_export_share,oil_exports_share,primary_exports_share_1,res_rents,complexity_harv,industrial_to_gdp,gerd,ict_ksh,gov_exp_educ,coord,employment_protect,ubr,gov_exp_socprtc,gini_pre_tax,tax_corpcap,tax_estate_plus_wealth,fdi_to_gdp,size_of_finance,kof_econ_dejure,gini_post_tax,wage_share,empl_ind,empl_agr,empl_serv,empl_self,unemp_youth_neet,VA_industry_gdp,VA_manufct_gdp,average_wages,exp_to_gdp,gov_exp_to_gdp,tax_total,adjusted_wage_share,udens,tax_ssc_employer,adjcov,tax_income,tax_rev_to_gdp,zkof_econ_defacto,zgov_exp_to_gdp,ztax_total,zcomplexity_harv,zindustrial_to_gdp,zgerd,zict_ksh,zgov_exp_educ,zadjusted_wage_share,zemployment_protect,zubr,zudens,zgini_pre_tax,zgini_post_tax,ztax_ssc_employer,ztax_corpcap,ztax_estate_plus_wealth,zfdi_to_gdp,zsize_of_finance,zkof_econ_dejure,zoil_exports_share,zprimary_exports_share_1,zexp_to_gdp,zres_rents,zcoal_metal_export_share,zgov_exp_socprtc,zcoord,zadjcov,ztax_income,ztax_rev_to_gdp,zwage_share,zempl_ind,zempl_agr,zempl_serv,zempl_self,zunemp_youth_neet,zVA_industry_gdp,zVA_manufct_gdp,zaverage_wages
Austria,73.5285117404546,0.0444535385595599,0.00916888350948113,0.0933440988575604,0.168747346132661,1.9128931293913,0.000342034045454545,2.30096582513044,3.99815374077273,5.11428571876191,4,2.5404762031,55,20.9523808619048,45.9565217391304,2.67569565778261,0.260869565347826,3.38493681609091,2.80236635890476,84.7209066913636,27.5869565217391,55.3669231956522,27.9125651483951,5.62308697078539,66.4643917913022,13.4375652644945,7.75615384028508,27.0840253212459,17.338793448068,46797.2805944391,45.811218955,51.9010644972727,42.2522609543478,63.4763186908696,33.3099072491304,6.7887825966087,98,12.1843912708696,25.8769445413636,0.248585240871341,1.01802545632725,1.02397110749621,1.10729160845533,-0.479534403701811,0.878731419120499,0.728987194608297,-0.269045944276351,0.510990591400667,0.170471324803833,-0.558422024250765,0.0476170202528123,-0.146933148767079,-0.339305094286877,0.0534539116350847,-0.357822061515587,-1.00785008613537,-0.400598183139215,-0.181405284121097,0.499084135727437,-0.68861578432692,-0.654240057388862,-0.220081338247985,-0.649550558439681,0.0512326514398312,1.09398440681535,0.965594618954723,1.21882548582795,0.724736049302356,0.823752631614459,0.399292091783959,0.0637862580164999,-0.125492693606891,0.0205741621589887,-0.362380405919202,-0.86048869330836,0.479370691129039,0.363014010502001,1.03960707648908
Belgium,88.7091497945455,0.0390421267256992,0.050360716493251,0.12063167325252,0.0200400208065642,1.30971543173913,0.000274755090909091,1.977255334,3.26779879213636,5.87619048071429,4.85714285714286,1.8952381136,82.3333333333333,17.9190476733333,40.204347826087,2.98526087017391,1.10778261165217,12.0455191299286,3.02180693257143,85.2475468031818,25.9521739130435,60.5056154,24.7122176626454,1.8407391257908,73.4471744039784,15.6059131207674,11.3076924544114,22.5871416819567,15.281957636716,48357.2706809594,72.0534357581818,51.7676498272727,43.4893477065217,67.5541687017391,54.8884043263636,8.41439135169565,96,12.9971739317391,25.5589379819048,1.61968126882955,0.993816297086843,1.25210996079261,-0.0338927397170593,-0.511819392143338,0.475509528034615,-0.0813538583178433,0.550243594533139,1.25392280192997,-0.854003135065698,1.08984908228384,1.15560377932681,-1.78611913114141,-0.776082520359247,0.637769661756101,-0.0651492680275991,0.181449270759204,0.55689753029039,-0.149617046784682,0.561423369335614,0.259586923046779,-0.255646937946378,0.652498989422586,-0.977340048700916,-0.227824601704319,0.268179010593089,1.68705776821146,1.14579515343336,0.867259786510677,0.773837490209116,1.49333273727327,-0.478609996494503,-1.00682892539146,0.906106575638229,-0.0630652376474182,0.112765288125703,-0.454726275881256,-0.125771322097137,1.16856069577732
Czechia,69.8373740809091,0.0415075378552407,0.0091296717995514,0.0744094739008405,0.633279393377611,1.65466230326087,0.000903322181818182,1.31330201736364,5.23097046940909,4.83333331061905,2.0952380952381,3.20396828645,57,12.4238095057143,44.1260869565217,3.74591302869565,0.19530434773913,4.67706722031818,1.80171834847619,76.509850935,25.0347826086957,46.5496012086957,39.7967826179836,4.29391307416169,55.9090869737708,15.6879566026771,9.03285707746234,34.1621478586103,22.7253414663428,19483.3282155908,57.3571695840909,43.0377728681818,33.5970866991304,51.0743338556522,23.3706515356522,9.31152182030435,49.8119539078452,3.99026088104348,14.1671890777273,-0.0847936438380488,-0.590289719528949,-0.572183346664674,0.618730810961105,-0.210190429537892,-0.35152734368353,2.0968180114096,-0.571158990931864,-1.74849271083441,1.22392849786755,-0.437816821333598,-0.462731948267498,-0.668548642780377,-1.02118900147964,0.960238066949617,0.653995465282487,-1.09992172380459,-0.257742971052276,-0.326359500719313,-0.472871686624437,-0.689518406201766,-0.930820566808075,0.163833231880055,0.374398481343823,-0.100687566342138,-1.22786413740133,-0.637656823838024,-0.540769025949975,-0.712127878233747,-1.01424121600926,-1.4779381945397,2.0779284947584,-0.435207495482395,-1.31801319886087,-0.0517400904749453,-0.510624410895602,1.94964506881436,1.64307032328226,-1.21824894885
Denmark,76.4973723663636,0.0193703351165848,0.055744552848051,0.245557528645002,1.08216220561536,1.33536901686957,0.000536119545454545,2.52434920238095,3.64269796281818,6.58571429476191,3.95238095238095,2.1468253612,84.4666666666667,23.5000000904762,45.2695652173913,3.95821742391304,1.16995652526087,2.81791334554546,2.67327855940909,85.3005339872727,23.9739130434783,55.2544056826087,23.0711303379225,3.17004350993944,73.7588262143343,9.1292608924534,5.39714288711548,21.6269194589465,12.8773248560982,45354.8511399639,46.53007594,54.3551972654545,46.2527829052174,64.5589125273913,71.33913687,0.020869565173913,83.625,24.8463042717391,32.4895047268182,0.516728977468007,1.46334748112422,1.76173221346119,0.0146426586229535,-0.386399066410941,1.15698334570329,0.334603053151923,1.31320698236632,0.708225367061525,-0.454546386015436,1.21849463206216,2.00029624192875,-0.342693832981097,-1.30462967159044,-2.37923363839295,0.854714790099609,0.268758582846325,-0.463287102057956,-0.200104987366665,0.56769554719134,0.383518485152542,1.56916114793129,-0.196178614319437,1.36385255085777,-1.24226525035612,1.78755731018133,0.925513332884904,0.693919971741843,2.94503828749215,1.86167737527369,0.375336826960978,-0.756742175021585,-0.697083718225844,0.94562918361525,-0.957091648560932,-1.50694563827491,-0.654184553683488,-0.69720693546311,0.920371383692184
Estonia,80.4662433968182,0.0602020506423825,0.101707284285338,0.194588678021322,1.32642562285602,0.671672034521739,0.00790530844444445,1.18967953652632,4.06489857768182,6.63333331971429,1.38095238095238,2.120370388,55,11.3190475194762,46.9521739130435,1.59986363481818,0.324454543954545,8.16275162933333,1.68000116795238,84.5403321,33.9347826086957,51.170545,32.4229564666748,6.27147826941117,61.3054781374724,8.38743477282317,11.4871428353446,25.5083904453665,14.7739738789255,16763.9900017148,69.5565654219048,38.0447780863636,32.4163182868182,58.1404573191304,15.1218722212857,10.7457727091364,25.5,6.30549998713636,1.31835789904762,0.875192388949464,-1.49630856857732,-0.789936185032842,-1.24104138130875,3.1498357046954,-0.505514600413704,0.803041709497639,1.36441255416485,-0.461135228189921,-0.496550174726879,-0.558422024250765,-0.886280364365687,0.136795944176021,1.35669235801541,1.47577132877976,-1.37494785886398,-0.918559249850446,0.127626945086942,-0.343991493553453,0.477709232103299,1.44154341947138,0.82465257159395,0.569475518024568,1.90227243603294,0.863356484898763,-1.52862846267029,-1.2388761148853,-1.42852406347591,-0.306144156117701,-3.03102736742862,-0.494127503576151,0.828209299047885,0.025590910353275,-0.633661478875244,-1.05949210482683,0.161941382401676,0.15207830895229,-0.246488303314695,-1.44303788038118
Finland,69.4304584159091,0.0471921613654868,0.0297184953869301,0.100149987147461,0.491353923741557,1.90394104043478,0.000602572954545455,3.1237596703913,2.25607744131818,6.28636366668182,4.33333333333333,2.24523813725,60.5333333333333,22.2318181990909,46.6652173913044,2.99947824430435,0.550826090434783,3.59195880718182,1.46195289227273,85.5788237836364,24.7086956521739,54.6426835,25.3641305177108,5.47839128452799,69.1576080322266,13.850869593413,9.10928586551121,27.8995208135482,19.8133162978377,38846.0364366446,38.8499310236364,53.3265176334783,43.2695214639131,61.9231784656522,72.0875459743478,8.79395650778261,87.7756021330793,13.2815217556522,21.4230969168182,-0.121545752017397,1.27668533206761,1.21157043773566,1.09035466957249,-0.354510230460754,1.90362402949386,-1.20387564888088,0.991310007482481,0.228028271132128,-0.298291854194147,-0.224747629513271,2.03872465401972,0.055022493808139,-1.108312158276,0.774202181699613,-0.0517077105261109,-0.600671202402152,-0.377710268461874,-0.375578042122314,0.600637156151567,-0.215580325444736,-0.554825569139229,-0.451551223193909,0.0615579588942911,0.192458745679762,1.44230296976034,1.24616362144345,0.845479898450081,0.917120981246035,0.124665058215559,0.245099617782522,-0.368123528250191,-0.159208670060602,0.362118559304867,-0.305328556789086,-0.489680073709212,0.64876619412021,0.951058261517729,0.382332571444512
France,63.0761028627273,0.0311785383672911,0.0154713748640451,0.13986107814065,0.0523915549906403,1.57107397773913,6.37727272727273e-05,2.16207540191304,3.42022719168182,5.57142852604762,2,2.39027786245,70.8666666666667,22.123809632381,47.0608695652174,3.860217395,2.31556522304348,2.03628922631818,3.22465335245455,84.8585239759091,28.7173913043478,56.8585193913044,23.9592174861742,3.71430434351382,72.3263911371646,11.7300434112549,11.4428570611136,19.7059641449792,12.4119639167377,38671.3185628582,26.35340127,54.2457778104546,43.1197828208696,65.3581987465217,8.11676614931818,10.9433913856522,97.0326320532129,8.44708695595652,22.0100622177273,-0.695463108333915,1.44349244561656,1.18395620432958,0.460585559326893,-0.61306298633094,0.705726031164539,0.0877680049818177,0.22252772536636,0.853845111790085,-0.0680055512744947,0.398379252225423,-1.24597014006549,0.167770735982034,-0.0372781507261965,1.54680422943615,0.76206244714956,1.87750896574699,-0.549701816052132,-0.120232644300019,0.515374114134482,-0.543537526509369,0.0252394599592705,-0.867073513439257,-0.906028881775461,-0.633336404266228,1.41289833410628,-0.717819395977662,1.18350188447708,0.0693891728368531,0.216796667213694,0.716856717141358,-0.606228787011071,-0.570263866687029,0.763972706334162,-0.598083911402254,0.149805429291179,-1.05320722726613,-0.807795053517341,0.367889850061993
Germany,66.4605196172727,0.0337724131876271,0.0125003255137101,0.0692653928005007,0.1142158550812,2.19271398626087,4.01772727272727e-05,2.51116389313044,2.68906815486364,4.20476191380952,3.80952380952381,2.678571463,60.1333333333333,19.9857142314286,49.6913043478261,1.54447826347826,0.492391305,2.01895681077273,2.88963603980952,85.0422564418182,27.6130434782609,56.9438224391304,31.0283478446629,2.2276086807251,66.7439568561056,11.2651304162067,8.31000004495894,27.5542443327864,20.348769810722,42737.1517331071,35.563436075,46.2648536522727,35.60652144,62.7585052826087,22.0944887247826,6.67165225491304,66.35,9.01656523991304,11.1807425672727,-0.389786867811074,-0.00471009336249233,-0.201611002606881,1.63669974704317,-0.624385679770801,1.14055939443752,-0.723465197254896,-1.24707282625332,0.380214152658354,0.389731577877587,-0.248868670096704,-0.528258824018171,0.917360697687606,-0.332335241743169,0.0113520816248467,-1.42731094973976,-0.682729747894064,-0.55161805135673,-0.168763367986263,0.53712282042685,-0.611928681591944,-1.00596082305703,-0.56083051391378,-0.769752099390983,-0.499574716080998,0.830815651466325,0.805269474675448,0.0631204756835779,0.169248799765447,-1.48300167215359,0.735017953073507,0.591850436000601,-0.916683288419128,0.056027639703947,-0.662259735840214,-0.708714185871794,0.57704503357211,1.07830314024944,0.703984231209816
Greece,53.97977673,0.0831319489223031,0.0680142847025134,0.29234728824109,0.161240591000205,0.100781877086957,0.000661919954545455,0.646674309722222,2.03889174354545,3.99523808852381,3.66666666666667,2.70396829825,36.6666666666667,15.8428572695238,48.7173913043478,2.73269567282609,1.13549999886364,0.692669922285714,2.22823070904762,81.0711552013636,33.5826086956522,50.6772876956522,20.7206086697786,14.8219999645067,64.4575215215269,38.8232173090396,15.8092856407165,17.2080950302444,8.87647697928822,28557.3153291809,21.7840712272727,49.0478896677273,32.1723913943478,57.0159407908696,25.255035591,4.679136363,64.0666666666667,4.37143477147826,21.0273054204762,-1.51703177923928,0.500294057005176,-0.834920258654639,-2.32113919448409,-0.326031529773679,-1.18189550378468,-1.44484681960033,-1.4723774663609,-0.666007783063373,0.430055311858172,-1.66396971765813,-0.365974858333815,0.639826563105709,1.26259934867535,-0.704846335963607,-0.303932435149738,0.220372122319037,-0.698249532299434,-0.264574772771262,0.0670572056833113,0.665957797035911,2.25262520250163,-1.01900837228984,-0.666097392517881,2.04581212222998,-0.297050435849044,0.685025616465992,-0.0202558204669115,-0.645287959019823,0.0625405896493764,-0.599143238744025,-1.15510958813066,2.01797365233731,-0.233930205527866,3.14181320924302,1.34636964031873,-1.57206698687318,-1.64796622764972,-0.468165028584617
Hungary,78.2777866013636,0.0275119387151106,0.0150479962264722,0.109985170815906,0.491066080102813,1.32070308673913,0.00111053745454545,0.980688299304348,2.29234940354545,5.380952381,1.80952380952381,1.98313490765,64.6666666666667,16.1428571880952,49.0304347826087,1.99526088143478,0.435130430043478,8.83574745877273,1.97082772147619,74.4926657245455,27.9347826086957,51.0088246681818,32.3060433760933,5.80495656054953,61.8892177084218,13.8282173405523,13.2607694038978,26.3302006697743,18.9415662355066,19085.2404862858,66.3921519190909,49.5310257104546,38.4320869443478,58.3356149854546,18.1265523215455,9.08382600256522,35.0117747583069,7.02578256443478,21.9838933081818,0.677533739233005,0.587962957233056,0.319469085707856,-0.0131046038859018,-0.110754540111458,-0.765839317103423,-1.16363129903725,0.0177053895269283,-0.42557999294158,-0.714445315907167,0.0245031231822071,-0.731999658233776,0.729033963507032,-0.246373727037437,0.878394110262424,-1.00112673144847,-0.763139799502289,0.202031944484573,-0.301862258505109,-0.711649131113702,-0.553283360605874,-0.411161772498546,0.46425555921241,0.0609234769048406,-0.82241667735031,-0.215377392954867,-0.878144540256936,-1.0812000273451,-0.1798405700486,0.212689126719537,-0.528558173710745,0.808394818677532,-0.0831147142438744,-0.559633639290528,-0.308455436480977,0.647981182885804,0.322785514131113,0.743896055468955,-1.25115611533246
Ireland,87.1286406081818,0.0125464900012346,0.0022637179083704,0.130486814540142,0.10485944086833,1.52012735873913,0.000578183,1.28812678956522,2.05572532518182,4.66666672347619,3.85714285714286,1.3825397012,46.5333333333333,11.823809533,50.2304347826087,3.50765218947826,0.745478256956522,16.5084225587273,5.17195331480952,85.6705859790909,30.7565217391304,47.7856911956522,24.2085651729418,7.23960868172024,68.551826145338,18.1256087759267,14.7192856243678,29.471037969671,22.262047451329,42247.0630229304,89.9824784031818,37.5856938418182,28.9340435526087,53.4252763826087,36.118483926,2.74426087091304,42.145,8.63743485591304,24.5261756718182,1.47693167820937,-1.57961307760143,-1.43212410219347,0.364196908981553,-0.366214178685118,-0.382886237632093,-1.42616967872082,-0.750378492021893,-1.32018099664101,-1.6680381985048,-1.06898404993344,0.191828443257743,1.07099566504544,0.507531989773648,-1.40032624219054,0.428736093100831,-0.327325907424552,1.05030672007402,0.161853901201639,0.611499194212229,-0.847567116267326,-0.111691617787719,1.24865784381087,-0.790376061517827,-1.59415927214455,-1.39121026009813,0.845350760745267,-0.820729122121939,0.102767215181574,0.611732416547115,-1.21477149113828,-0.563969234891832,0.251177885541099,0.285295389217254,0.284749402349534,1.04766900069876,0.975203239613993,1.53297338799462,0.663471978282254
Italy,55.3372898118182,0.0219101891083896,0.0181102746679061,0.0850362893307537,0.100966775426272,1.47592957126087,8.04692272727273e-05,1.11884197843478,2.74683597954545,4.39047618142857,3,2.75773805335,64.4,18.3666663409524,47.5086956521739,4.71099999673913,1.21956521743478,0.780980539136364,2.40015784328571,81.2305977563636,33.2652173913043,52.8190491695652,30.3161739681078,4.6414782586305,65.0423912380053,26.5677826093591,18.8615382267878,23.457949261739,16.0427699727673,36471.5063997042,25.5466781963636,48.8544048722727,41.1629998578261,60.1563637773913,34.9951543395652,8.5966521553913,80,10.6322173240435,22.7728092890909,-1.39442291472711,0.465184692916825,0.823093701716736,0.280576736202675,-0.605050877445541,-0.593751636024839,-0.659370827845449,-1.04737102063911,-0.0938628083451612,0.515428047457331,0.00842242945991827,0.134149064411707,0.295386878222818,1.17779947606024,0.703282263048278,1.56641936690326,0.338422860609279,-0.688486096768117,-0.239669348690335,0.0859306763137845,-0.482792185570188,-0.775593302902527,-0.893897873942508,-0.798956505138958,-1.11128932390651,0.390040305805342,0.123887611488531,0.56155249427665,0.452557959944044,0.33651944270742,-0.143156771327001,0.471150904176614,-0.354220287924365,-0.159759044784032,1.45009317974367,2.18280063671015,-0.273841293219622,0.0550277036053281,0.186046553335821
Latvia,69.0631387872727,0.0482842375940281,0.181674387802359,0.280755217600389,1.55937683178729,0.525472197782609,0.0062271379375,0.501998603909091,3.62793571313636,5.78095233995238,1,2.68650794,83.3636363636364,11.6714286121905,46.5304347826087,1.80109090418182,0.777363638954545,4.17356518985714,1.9771582260625,76.3915651490909,33.8869565217391,48.8722281086957,25.8556956415591,12.6956521739131,61.4485652757728,13.3533477368562,13.1550000054496,22.3523121596404,12.6437647127651,15134.4867990542,44.3317208061905,37.3623337718182,28.7029091227273,54.8548147782609,16.1976485241667,6.68795446931818,17.5086650908186,5.60263633722727,20.6928801766667,-0.154721596275055,-1.62014354926979,-1.47474903831683,-1.51764472065878,2.34453610119148,-1.36210718456289,0.318224089782046,0.447832353235804,-1.05973735170864,0.402332690738333,1.15197903530178,-0.831042694427345,0.0166137519686802,1.34391429501861,0.0172118191594558,-1.18470120099284,-0.282550042334194,-0.313409093536818,-0.300945219423017,-0.486873364572697,3.28232151947845,2.08329833120859,-0.269276152434555,2.41575728194671,0.248775249009608,-1.43269498296337,-1.55952640344385,-1.72032898582291,-0.42939328402817,0.0100483286008195,-0.983445017704381,-0.284812861764518,1.52250696708643,-0.615515661377371,-0.374005654784861,0.618996424633655,-0.503505288672158,-0.752710039653991,-1.57773766946354
Luxembourg,87.9850287,0.0673993808410556,0.00149813022736675,0.0898837941814752,0.0483661159579002,1.2742967275,0.00339035509090909,1.48337851326667,3.88173025318182,4.97619047628571,2.38095238095238,2.246031761,82.9333333333334,17.5095238457143,44.3565217391304,5.87556515565217,2.2624782413913,41.0339523692857,34.6514334909524,88.9871722136364,27.1652173913044,51.7136270521739,17.7657824806545,1.94269563840783,80.2915221504543,8.28808695337047,5.69857137543815,14.4044772406654,7.56567553368823,55565.112236072,156.743585422727,41.5519876063636,36.833564923913,58.1673995308696,38.60434865875,4.49521740621739,58.7857142857143,7.60878258169565,24.7909782961905,1.55427956746796,-0.859897342142034,0.0246757091963234,-0.100903292440696,0.983256009488598,-0.139675802920066,0.599813384400128,-0.417542177887206,-0.456226701179229,-0.2970317809346,1.12603064315899,0.319469640829468,-0.602882084151625,-0.451984377076823,-0.770954950879473,2.66743629198019,1.8029602108141,3.7617975658661,4.43226158714234,1.00408881930401,-0.865190325997896,-0.704785174191805,3.46853237177764,-0.914901992805641,1.23451049366328,0.156688789867064,-0.397169107419112,-0.213090674337387,-0.0776098689610079,0.653296529131901,-0.378503952819151,-1.65589478875287,-0.983071732156389,1.77408315672574,-1.07320591426516,-1.4243429952371,-2.15443715340827,-1.95946436329229,1.76438323581745
Netherlands,87.4091446622727,0.0332991415210854,0.0900774109402916,0.212959892681791,0.626690842590257,1.11920296882609,0.000180402136363636,1.83198118356522,3.42428101190909,5.22380953742857,4,2.860107088,73.6,16.0142857233333,43.9652173913044,3.26243475204348,0.792260868956522,19.6371938310909,3.633179324,87.694170865,26.3217391304348,58.6627115869565,19.8403043332307,3.0593913016112,77.1005212535029,13.375521618387,4.56285723618099,21.2271973249864,12.4506721309727,49950.5204736935,67.4811703081818,44.6474031209091,36.6986521839131,65.8289129830435,21.0582514213043,4.0235217706087,82.9397749143838,6.75791300891304,21.1373707172727,1.50226644958195,-0.29820943250763,-0.00020438732446417,-0.394333521354694,-0.557096315179737,0.294552409655016,0.0922657864474937,-0.151273063248374,0.939603236128783,0.677964114665781,0.563206362878884,-0.581466292888829,-0.714391334653279,-0.677342942656716,-0.940503243657191,0.196899731800373,-0.261630225195737,1.3962170726381,-0.0610534308820718,0.851034178536051,1.1738331333928,1.09300327413262,0.500466525302631,0.359875607642671,-0.523980526488863,-0.250380144977168,0.965594618954723,0.668898863858014,-0.226812253839745,0.0798167265402909,1.10097382628598,-1.30430394189987,-0.722867121636431,1.36941142592287,-0.3709448086838,-1.73557100875397,-0.737215217345064,-0.798596454745031,1.30026366554528
Poland,51.1205645486364,0.0857706079810633,0.00982348556380393,0.132273307258955,1.13027364741326,0.982136459434783,0.000306407136363636,0.691580922652174,3.67477724768182,5.62142855778571,1.0952380952381,2.230158806,49.4,16.6999999457143,49.6260869565217,2.21913043321739,1.1906521863913,3.34489966318182,1.99896594176923,55.8629661909091,30.8565217391304,52.4098243391304,30.6531741100809,16.6297390979269,52.7171304122262,25.3412173727284,11.5792306753305,29.5845191943071,16.5931456728622,21454.0757486306,33.9711552540909,44.4669025972727,33.5807391456522,59.8459079573913,17.1541345233333,5.29328568780952,17.5585362825308,0.358956524217391,17.7406666931818,-1.7752722070124,-0.330962696595379,-0.575198100559806,-0.653657027155434,-0.49663060200005,-1.12595870258728,0.370195557210466,0.276293635475903,-0.150423895194725,-0.322234008243839,-0.896116592418831,-0.781930199774765,0.898775822603996,0.534249757857862,-0.484093881051296,-0.789473339935287,0.297820995546589,-0.40502460631715,-0.297786146189352,-2.91687650596749,-0.673547374032923,-0.0855960881760953,-0.613775466349504,1.46990263916434,2.18188325699635,-0.0636988706476481,-1.47936383130422,-1.71850793096908,-1.34888736240139,-0.453338822084553,-0.230281778981734,0.528265831724257,2.43920037742725,-1.72280612375221,1.28078013380579,0.187176883587413,0.998775668043993,0.185818682710529,-1.05534084495575
Portugal,64.3495055109091,0.0254142525627359,0.0187601459389353,0.142919027018102,0.204008787876139,0.554510249913044,0.000767903136363636,0.976250346521739,2.90254829154545,6.67619048976191,2.19047619047619,4.3669643163,76.6,14.728571392381,50.8695652173913,3.09843479034783,0.537695650217391,3.29388932063636,2.90204906466667,82.8053755327273,33.8434782608696,57.2895083130435,29.7755217344865,11.4533912617227,58.7709567857825,24.8071739362634,11.5853845156156,21.9165343607722,13.3359598457828,25748.9468454397,30.1744160213636,46.0233718845455,31.3511302795652,65.1689210978261,20.7520736318182,4.66773912178261,76.9498686713977,0.125086955782609,20.8367502909091,-0.580450991801497,-0.0485288920640521,-0.986374122867621,-1.46270606705529,-0.275173637835353,-0.771367342183192,-0.486605408654091,1.4104976199584,0.819361140684129,3.0704712685125,0.744114167254634,-0.59718754240213,1.25312744086481,1.33229787411243,-0.708943008997884,0.0418489541286317,-0.619109959691851,-0.410664202196264,-0.16696521291572,0.272339644181373,-0.467832674084572,0.0699073137053361,-0.740020897085035,-0.571825200999321,-0.930590764559376,-0.60040757898972,-0.557494251698387,0.45017644188916,-1.38989705234355,0.0326305580637379,0.808615355212591,0.379520933426565,1.23304402076013,-0.955080737367157,1.20706165704592,0.188863265240352,-0.59402546950511,-0.588217168395976,-0.700313478374615
Slovakia,63.5928294440909,0.0323009468930862,0.0389830577641856,0.0660228168949947,0.343124011164624,1.38246236156522,0.001828813375,0.701729800956522,2.83799649368182,3.73333329238095,2.14285714285714,2.29250002535,61.4,14.3857142133333,41.1260869565217,3.57886363172727,0.428909093181818,3.59843244209091,1.52859989795238,67.6188996059091,25.0391304347826,43.7491691,38.0943044579547,5.52213040642116,56.3836086107337,11.425826114157,13.9000000953674,32.0733794753934,20.2144574422332,18309.0828913898,69.6592379495455,43.2762100081818,32.1766816922727,48.3631300495455,27.7548251380952,7.87104545945455,40.6895429820548,3.26122728254545,17.6993417733333,-0.648793017081908,-0.5470233928867,-0.834129058161086,0.103741091935315,0.233922780551056,-1.11331700571799,-0.558226709977181,-1.75400828212588,-2.24243943067387,-0.223251961057676,-0.172485374915832,-0.237618666114323,-1.5234528966264,-1.02002735938903,0.442467094882897,0.496061654556303,-0.771876271281634,-0.376994557040731,-0.365923533847448,-1.52530783697693,-0.00231758639140409,-1.05332554761984,0.572889483715173,-0.265179189921425,-0.575455716244286,-0.69374823462815,-0.597575537768206,-0.873875377025227,-0.839965980608132,-0.459825289600543,-2.07415731606134,1.78939177132502,-0.149016885896195,-1.25783600106797,-0.640077566252709,0.823154222833366,1.51576410411626,1.04638522276589,-1.31531570959191
Slovenia,66.9214116872727,0.0592189951139075,0.00428710595750003,0.0656228016558758,0.217398050632581,1.53430758869565,0.00318569494444444,1.70553681026087,3.69530498981818,6.28235295241177,3.47619047619048,2.56009067771429,79.3636363636364,17.0823529747059,38.3173913043478,1.690409086,0.491500000454546,1.79744728914286,2.04949991471429,63.8075632618182,23.9782608695652,61.8445227045455,36.1835214366084,9.43773908200471,54.3787830186927,16.5548696517944,7.97142859867641,29.4048162636312,20.4792237825749,29876.8571976035,59.2154697242857,47.16902687,36.981909145,71.2590165581818,35.4071343154545,5.56790908895455,93.2,6.37649997781818,19.5698832552381,-0.348159679003674,0.159359370729221,0.0520327885866364,0.391025249191836,0.885046242293296,0.137050133028446,0.392971431061988,0.986997216161702,1.92889878199912,0.20161413644669,0.910768629467446,0.155302917557976,-2.32384151689383,-1.30346802949982,-0.385382073466171,-1.28934331069687,-0.683981385151669,-0.576107676852878,-0.290465777404819,-1.97646182502646,-0.80099035851517,-1.05916862182194,0.225623596520471,-0.542311795359863,0.81266199261343,0.0403942753980367,0.524700472186717,1.04355268808094,-0.293694107044432,-0.166220205690597,1.77838950920366,1.46555145130467,0.763370852277767,-1.51208106977485,0.0679271596034589,-0.801495384078029,0.961447603550494,1.10930415047549,-0.359087604820331
Spain,60.3943692990909,0.0345104568944624,0.0209435806278431,0.177141994633662,0.0559591010549504,1.02207112834783,0.000140501863636364,1.07153273913043,2.99364693595455,4.16190472109524,2.9047619047619,2.3869048116,77.3333333333333,14.4714286438095,46.3391304347826,2.66313044917391,1.12652174147826,2.9620612995,2.20321286842857,80.9011757590909,32.3260869565217,57.3587552347826,26.9516957324484,5.75726086160411,67.2908695055091,19.3933478645657,15.235714163099,25.6657321263436,14.1968749376001,37569.9059707794,26.5372742740909,41.8914500409091,32.9133916108696,63.2413237208696,16.26499835,8.2519130086087,81.8854072779118,0.0131304347826087,14.7998051204545,-0.937673891836073,-0.798299167563123,-0.698267805306009,-0.578102477823785,-0.576243162102626,-0.652681208778312,-0.385529936284886,-1.29315791642073,0.468177508020943,-0.073361100650608,0.788336074990928,-0.827584496435975,-0.0379018816099057,0.926884784486748,0.579367752549973,-0.369701609207198,0.207764174217334,-0.447350408310401,-0.268198865809093,0.0469364668283758,-0.417571772021491,0.569806616627073,-0.860959549540446,-0.898165085534494,-0.461515064394342,-0.670413033771203,0.0437250393488931,0.630398454379188,-1.40952894478659,-0.914944147163406,0.823358201046697,-0.0990622997117726,-0.0942284323109515,0.125385216081792,0.459746019033045,1.18918967273851,0.184761473288794,-0.383629778789553,0.276843668867973
Sweden,74.4226292690909,0.051573914256597,0.0268842091144696,0.135602162944757,0.511712103341539,2.04510481456522,0.000320806454545455,3.36676836383333,5.53830014563636,6.714285737,3.80952380952381,2.65238097885,72.7333333333333,22.176190512381,47.1478260869565,3.56652173782609,1.02152174191304,4.83665024768182,1.9971141815,84.5100333481818,24.6695652173913,48.5183805173913,22.170304339865,2.51634780220364,75.3133478579314,10.9113042250923,8.11642861366272,25.3484922362434,17.4869341207848,35490.5264031869,43.4672149313636,53.3831184959091,45.3067824313044,61.0724797456522,76.1073719025,9.11273910695652,92.4444444444445,16.3417390734783,27.0481113954545,0.329340805141629,1.28695601138445,1.5872743890951,1.35743001104092,-0.489720836171989,2.20632174119861,2.43780543662585,1.45146210672779,0.0730418251227341,0.34814773070563,0.510944108281445,2.245129849258,0.192550569426847,-1.11876693709156,0.888786759925429,0.48439323568879,0.060315233028196,-0.240099808144781,-0.29805439282189,0.474122720318033,-0.280823304995514,-0.0369710637318958,-0.298021849689754,0.106432663614394,0.418418248170132,1.42715869084053,0.805269474675448,1.01596345139854,1.45373873874048,1.00758204453812,-1.05878007024322,-0.909414548721051,-0.849403318484727,1.14276825828175,-0.711101320748271,-0.761759974379228,0.118864100146154,0.398218078607828,0.104955704045589
United Kingdom,69.0885701609091,0.0565298356657563,0.079673152195929,0.0800857291174103,0.751737891413982,1.79870343204348,6.22806818181818e-05,1.63361606595652,3.22447865654545,5.30952380947619,1,1.198412668,19.4,15.1761903314286,52.6956521739131,3.12043478173913,2.946826064,3.95264643727273,4.9343585252,88.2597701327273,33.704347826087,56.8102999391304,22.6873911981997,1.41439128958661,75.8982606970746,13.4914780907009,11.4176922578078,20.5046784254936,11.1856173831104,40386.7491803914,26.0982438877273,40.6634027718182,32.143825946087,63.1952206156522,28.2912313204348,3.31600000543478,34.39,8.94860868873913,25.1841751454545,-0.152424666774853,-1.02113816939232,-0.840188190429578,0.89124997455025,-0.6137789705578,0.0474638535555999,-0.129418274603627,-0.0591030048340722,0.459778110843478,-1.96038523435806,-2.70519463617633,-0.210075925515177,1.77350394320587,1.29512532721265,-1.19481788711051,0.0626484454134143,2.76397318478149,-0.33783340485337,0.127435837869942,0.917985069833972,0.934335504979224,-0.847906774589805,-0.87555775522039,0.635511715700673,0.673986639136897,-0.478546209882789,-1.55952640344385,-1.10390423598196,0.157332426413274,0.715013735105728,0.706590673081188,-0.82177844780811,-1.10617351525698,1.21694488769323,-0.354938368147777,0.142909335042904,-0.887297533624535,-1.09922337026122,0.509692665785131
