iso3c,year,current_account_GDP_ameco,unemp_rate,gdp_real_ppp,gdp_real_pc_ppp,gini_post_tax,gini_pre_tax,wage_share,ext_balance_usd,ext_balance_gdp
AUT,1994,-2.9137826,4.3,261607000156.534,32964.1016119637,27.4,43.9,59.9578791,-3399090471.02759,-1.67002550773919
AUT,1995,-2.5544822,4.2,268586632188.586,33791.8014680143,28,45,59.1476268,-2869127883.17183,-1.19032041164438
AUT,1996,-2.8075963,4.7,274897169376.973,34539.0855902146,27.5,44.5,58.2465681,-3760709643.87835,-1.5851189059678
AUT,1997,-2.5009003,4.7,280652406828.103,35222.2593769414,27.2,44.1,57.2264189,-1726846318.63795,-0.811524738591474
AUT,1998,-1.9981246,4.7,290703779153.957,36443.7092612023,27,43.9,57.0304835,-491318363.717208,-0.225107018654409
AUT,1999,-2.3629891,4.2,301042165562.602,37666.411617272,26.7,43.7,56.8393152,986216236.042473,0.453935426624737
AUT,2000,-0.6893499,3.9,311204512094.246,38844.404713666,26.6,44,56.0104171,2628000966.35295,1.33205228605424
AUT,2001,-0.8427236,4,315148003769.772,39186.3370023663,26.7,44.4,55.4609832,3354580395.47245,1.69844627196145
AUT,2002,2.0761314,4.4,320352828758.272,39638.0268737228,26.9,44.8,55.0162314,7912466377.52943,3.69060439749943
AUT,2003,1.527754,4.8,323368865145.266,39816.7741226218,26.9,45.2,55.0800566,7221565487.21175,2.75344702199744
AUT,2004,1.8796211,5.5,332213386858.736,40652.8107017009,26.9,45.6,54.1185148,8869135468.58303,2.94208425511287
AUT,2005,2.0275467,5.6,339668477219.036,41282.8799941074,27,45.8,53.3045756,10132965977.6498,3.20569872608103
AUT,2006,2.8024047,5.3,351400765795.985,42498.0073262324,27.5,46.4,53.0375554,12089357488.5176,3.59502651830331
AUT,2007,3.3366803,4.9,364498931267.192,43939.4252883758,28,47.2,52.4440166,17079349582.4589,4.38848478281608
AUT,2008,4.2225709,4.1,369822165488.295,44441.7885303671,28.2,47.3,53.365802,19114143977.6406,4.42403850111133
AUT,2009,2.3547578,5.3,355899912424.216,42656.8541604126,28.4,47.6,55.0267166,13469372004.5742,3.35260214740789
AUT,2010,3.3309885,4.8,362438130466.604,43336.1978527647,28.2,47.9,54.5595674,13747376918.5,3.50452441771559
AUT,2011,2.1586863,4.6,373031463577.163,44452.7327457999,28.3,47.7,53.9493678,12063672510.0195,2.79455307355341
AUT,2012,1.9126009,4.9,375569735185.251,44551.6175741173,28.2,47.8,54.4794344,11443497069.4102,2.79517496522236
AUT,2013,1.8791366,5.4,375665520868.395,44301.104028751,28.1,48.1,54.966173,12114920098.3804,2.8161725070714
AUT,2014,2.4670992,5.6,378149701737.767,44246.8932651257,28.1,47.6,54.9580876,14470854213.2313,3.26962284141608
AUT,2015,1.8521555,5.7,382471877579.544,44253.7542473183,28.3,47.3,54.5459437,14326995719.9648,3.75080572841203
AUT,2016,2.608949,6,390272678313.382,44670.654569154,28.4,47.2,54.6674987,15163377190.5526,3.83070902087048
AUT,2017,2.0626502,5.5,400228068975.153,45493.0453463098,,,54.3240772,13199895268.2118,3.16346135024712
AUT,2018,2.4820345,4.9,,,,,54.2593713,13653369374.1961,2.99963196371165
AUT,2019,2.4382302,4.7,,,,,54.2931312,15157931147.1372,3.40618578444165
AUT,2020,2.5739352,4.7,,,,,54.0381726,12439166678.2413,2.87107295212261
BEL,1994,5.565525,9.8,322895662069.073,31920.5550147701,25.1,44.9,62.029901,8858973957.07741,3.61761865723349
BEL,1995,4.5172903,9.7,330595939740.681,32613.4066957232,25.5,45.3,61.4171742,11089490968.8013,3.85017561479431
BEL,1996,3.7800358,9.5,335863676281.766,33068.3942216076,25.7,45.2,61.4753439,8856286644.95114,3.1720061543602
BEL,1997,4.5671812,9.2,348325713109.322,34212.4870886931,25.7,45.4,60.9651494,9815741993.68516,3.88422210471594
BEL,1998,4.3815589,9.3,355206101630.793,34813.8609350099,26.3,44.6,60.5933525,9409313180.70682,3.639567404539
BEL,1999,4.8069002,8.4,367863201684.091,35971.8491569817,26.6,43.9,61.0308017,10216533029.3437,3.95612849122355
BEL,2000,3.9592676,6.9,381230070324.271,37188.6423923201,26.7,43.3,60.0237187,6783287643.76472,2.86465524907909
BEL,2001,4.1292998,6.6,384323918587.599,37361.7171309386,26.7,42.2,61.2788662,8634316460.43308,3.64707800596894
BEL,2002,6.0047603,7.5,391166830172.782,37856.8633889877,26.7,41.1,61.4074779,14411205478.0785,5.57744590327235
BEL,2003,5.6347641,8.2,394196680267.617,37990.7119798501,26.5,40.1,60.8930677,17041157539.9215,5.35746418388038
BEL,2004,4.5316406,8.4,408524470815.917,39201.5257851343,26.6,39.6,59.222986,18069920172.8186,4.89414954600385
BEL,2005,3.3910918,8.5,417080087315.644,39802.9708801881,26.3,39,58.6464143,15569789758.7549,4.03660717280743
BEL,2006,3.6800412,8.3,427532698697.463,40532.2716204845,26,38.5,58.5696675,16503842056.2353,4.0424848109266
BEL,2007,3.9858723,7.5,442278189426.445,41623.4402840702,25.9,38.1,58.4203667,19473396554.8236,4.13516253034976
BEL,2008,1.3571767,7,445741992957.902,41619.3386255878,25.7,37.8,60.0207625,3480542816.79687,0.672792159959925
BEL,2009,0.8657866,7.9,435698647435.272,40355.5717060413,25.7,37.6,61.4797839,10931049318.4766,2.26196688455775
BEL,2010,3.7011727,8.3,447655147543.37,41085.9175030485,25.6,37.4,59.9214729,8195978148.33335,1.70245588410644
BEL,2011,0.2322568,7.2,455705357904.872,41284.1510136804,25.6,37.2,60.3212552,-518085745.136188,-0.0989978397086133
BEL,2012,1.5134964,7.6,456775257024.141,41125.241157877,25.5,37,61.1454651,312332126.132813,0.0629507836738139
BEL,2013,1.162997,8.4,457691830603.088,41013.9921057712,25.6,36.9,61.7342921,4163118805.7255,0.797851761352067
BEL,2014,-0.2759153,8.5,463434384659.378,41344.6362757704,25.6,36.6,61.3649553,4383786888.07842,0.81880222817034
BEL,2015,-0.7621709,8.5,471390076156.131,41811.4139718815,25.6,36.5,60.280273,6556000719.41406,1.41801779403669
BEL,2016,-0.3682944,7.8,478407564181.736,42219.552337009,25.7,36.5,59.3866065,5685165077.85994,1.194204963527
BEL,2017,0.894359,7.1,486506442229.831,42742.0176258043,,,59.365709,5223645760.00001,1.03898415032375
BEL,2018,0.2159258,6,,,,,59.7331053,-1311686174.03921,-0.24140839749989
BEL,2019,0.1844078,5.6,,,,,60.1041569,3507761429.0196,0.655195551846577
BEL,2020,-0.0007337,5.3,,,,,60.0816429,7338038901.94555,1.40662511782086
CZE,1994,-1.3038006,4.2,187357139722.238,18130.891018021,22.8,40.7,44.7611212,-543925829.425048,-1.13672625316277
CZE,1995,-3.3462826,3.9,199013388055.092,19270.6993868643,23.8,41.6,44.3098546,-1843896006.02864,-3.06564029703578
CZE,1996,-5.8778822,3.8,207417354406.125,20107.8534574349,25,42.7,45.4848932,-3255603200.56585,-4.83114710633564
CZE,1997,-5.3688496,4.7,206183928255.773,20009.8318097638,24.8,42.9,46.3100311,-2574782482.50711,-4.14084252652428
CZE,1998,-1.6030645,6.5,205506169692.388,19962.9612888893,24.5,43,45.0405687,-208976122.325068,-0.31280371543672
CZE,1999,-2.1379164,8.7,208450743223.105,20269.6986562541,24.6,43.5,44.7953774,-311896138.759358,-0.478565528457161
CZE,2000,-3.6561426,8.8,217344797293.476,21193.9017140583,24.9,44,44.9840196,-1152699148.8645,-1.86435926243636
CZE,2001,-4.0230362,8.1,223666846429.677,21892.48252523,25.1,44.6,45.0382622,-881119579.763222,-1.29943244339361
CZE,2002,-4.7137502,7.3,227362927769.204,22297.2247461099,25.4,45.4,46.793669,-1090242099.53999,-1.3263931159703
CZE,2003,-4.4080484,7.8,235554790091.222,23107.2038753806,25.6,45.4,47.7229985,-1518806054.8052,-1.51743326962881
CZE,2004,-3.9424068,8.3,247112436065.181,24233.5969865534,25.8,45.6,47.1668615,750900785.220118,0.626719801559298
CZE,2005,-2.6799648,7.9,263257449991.049,25781.2047057911,25.7,45.4,46.858334,3193376576.75708,2.32849332587858
CZE,2006,-3.8287997,7.1,281299858121.347,27473.6271233445,25.5,45,46.7587039,4254235337.85339,2.72246501652137
CZE,2007,-4.6917841,5.3,297060086858.184,28844.0671946539,25.3,44.7,46.3477297,4607242641.80509,2.42252106666791
CZE,2008,-4.9466256,4.4,305028078249.223,29373.1092319296,25.2,44.5,47.0372232,5117123660.79535,2.16079705950738
CZE,2009,-3.8833109,6.7,290378884892.64,27803.5871622193,25.2,44.4,47.027073,8076693070.3457,3.89361508426227
CZE,2010,-5.0580649,7.3,296980416687.568,28352.9493964403,25.3,44.5,47.7656027,6391475658.76455,3.05709927946565
CZE,2011,-4.6265328,6.7,302260233093.211,28797.4179611691,25.2,44.5,48.0713392,8679572971.16565,3.78091550081074
CZE,2012,-2.2394574,7,299842621904.544,28527.1387345992,25.1,44.5,48.8013991,9948972034.22296,4.76351655403687
CZE,2013,-1.0854468,7,298392369974.709,28379.7461179156,25.4,44.8,48.3759166,12054111825.9974,5.69434618185575
CZE,2014,-1.220412,6.1,306494069347.29,29119.6166119074,25.3,44.6,47.4037264,13259881970.3722,6.33356697070206
CZE,2015,-1.540695,5.1,322766570535.828,30605.4205211471,25.2,44.4,46.4728702,11172722191.1683,5.94189274908991
CZE,2016,0.0944004,4,330676102159.153,31295.2595242278,25.1,44.2,47.3132528,14971409476.9826,7.62788591651269
CZE,2017,0.2904938,2.9,345069121815.676,32570.7811793014,,,48.3041876,16444452366.3535,7.52162650323055
CZE,2018,0.0729019,2.2,,,,,50.23452,14787217315.6056,5.93983176407411
CZE,2019,-0.5370282,2.2,,,,,50.7816787,15123941174.5468,5.98972635150772
CZE,2020,-0.6377522,2.3,,,,,51.0127174,16760870735.9895,6.83170989256614
DEU,1994,-1.4569276,8.4,2701774900278.09,33175.7085774638,26,45.8,59.1663754,3606122694.94998,0.163537481894455
DEU,1995,-1.2182971,8.2,2748722038709.3,33653.1296358835,25.9,46.1,59.2550212,10519994540.7397,0.406838346678208
DEU,1996,-0.6682171,8.9,2771203770762.25,33830.3056593287,25.7,46.1,59.0405166,17841174941.5129,0.714434416929499
DEU,1997,-0.5130421,9.6,2822448889452.94,34405.5192090796,25.6,46.5,58.1759676,23842770133.0927,1.07788797389287
DEU,1998,-0.7185009,9.4,2878322607197.76,35081.304207874,25.7,46.9,57.9137072,27513615649.661,1.22884006314473
DEU,1999,-1.388749,8.6,2935518761678.6,35755.2993074406,25.9,47.2,58.1746798,12129601753.2819,0.55261522326024
DEU,2000,-1.7287194,7.9,3022470159181.13,36764.5629268974,26.2,47.9,58.8308543,3299144025.09805,0.169362141966441
DEU,2001,-0.3098378,7.8,3073715277871.83,37325.0525470646,26.9,48.8,58.0425995,31649756244.8819,1.62657534498789
DEU,2002,1.9101159,8.6,3073715277871.83,37262.3512875562,27.1,49.4,57.7299482,88341170877.6472,4.25026841118774
DEU,2003,1.429498,9.7,3051894783408.17,36977.3460076486,27.3,49.9,57.6964994,94414564452.1567,3.77410617796407
DEU,2004,4.4838855,10.4,3087601049405.82,37418.0924996579,27.6,50.3,56.7167159,146361278278.379,5.2005286141117
DEU,2005,4.6190989,11.2,3109421556683.66,37703.9329399406,28.3,50.9,56.0922807,148049230592.996,5.20043175968291
DEU,2006,5.7713152,10.1,3224475116048.83,39143.1662435764,28.5,51.1,54.9001659,162195744825.882,5.41608667214517
DEU,2007,6.8378939,8.5,3329610265344.83,40473.5274498896,28.5,51.1,53.6541012,231949296703.138,6.7710987977836
DEU,2008,5.5663338,7.4,3365647150137.13,40989.4431148599,28.6,51.1,54.4562646,227471453063.281,6.07357578470758
DEU,2009,5.8754288,7.6,3176536134047.86,38784.4524824906,28.6,51.1,56.8682006,170941744060.156,5.01110098007548
DEU,2010,5.7428509,7,3306136689722.13,40428.7210307617,28.7,51.2,55.7899541,178901487016.667,5.26232257058181
DEU,2011,6.1876646,5.8,3427141297691.63,42692.5197566424,28.7,51.3,55.5701897,184022052256.81,4.90815129419801
DEU,2012,7.1416763,5.4,3444002587120.7,42822.0994035797,28.9,51.8,56.4743522,215162274090.234,6.10018540711249
DEU,2013,6.711072,5.2,3460863889363.96,42914.4761126655,29,52,56.4642905,215010357486.667,5.75847902253366
DEU,2014,7.6237243,5,3536243808452.46,43666.765146204,29.1,52.1,56.2915069,257397026960.783,6.61843323324554
DEU,2015,8.9084117,4.6,3597737943192.78,44043.1779351549,29.2,52.2,56.2277017,255017099858.594,7.59525210000727
DEU,2016,8.6842313,4.1,3678407686110.51,44668.6962980606,29.1,52.1,56.1760229,255966917231.907,7.37687974122256
DEU,2017,8.205801,3.8,3757754966663.84,45446.1798714772,,,56.3489456,261639808876.471,7.08887841428029
DEU,2018,7.6218252,3.4,,,,,56.8904241,245306689821.961,6.16768511755239
DEU,2019,6.8035687,3.1,,,,,57.6230095,219644257247.058,5.64881166597089
DEU,2020,6.5263261,2.7,,,,,57.4946259,220216552001.557,5.72524320279371
DNK,1994,1.519804,7.7,189152063273.728,36332.217340493,22.2,43.4,54.8060806,9249914945.13096,5.92326688849102
DNK,1995,0.7442476,6.7,194878895591.18,37237.7232792657,22,44.4,54.693573,8712549978.58061,4.70931130087242
DNK,1996,1.2834276,6.3,200530516732.933,38101.4055156612,22.1,43.5,54.7488703,10626560263.5073,5.66350123956447
DNK,1997,0.6435576,5.2,207069575833.124,39180.6865580516,22.3,43.3,54.3346709,7561485956.54478,4.35725969822657
DNK,1998,-0.6956226,4.9,211662714245.895,39904.5956145279,22.5,43.3,55.3773136,5440736180.75454,3.07400231596696
DNK,1999,2.2138973,5.2,217902546087.925,40945.2792350717,22.6,43.5,55.4778991,10677333648.6913,5.999675412593
DNK,2000,1.6457007,4.3,226067137050.018,42337.7143693512,22.6,43.9,53.9326813,11016003637.2184,6.71058007497688
DNK,2001,3.2151778,4.5,227928007106.851,42533.5392582329,22.9,44,54.8006071,11766787980.0067,7.14041202528438
DNK,2002,3.0158033,4.6,228990937808.589,42595.5872217462,23.1,44.2,55.3330394,12240052060.2429,6.8519835655675
DNK,2003,3.52796,5.4,229884171610.316,42645.5831253435,23.2,44.5,55.7265252,14819866114.1218,6.79511033517535
DNK,2004,3.1542476,5.5,236017926041.457,43670.4452995124,23.2,44.9,54.5468469,14200323980.5712,5.64910464277191
DNK,2005,4.19235,4.8,241532873111.239,44567.9313092661,23.8,44.6,54.2946015,14557631442.9122,5.50451017427242
DNK,2006,3.3249319,3.9,250984006496.37,46159.9137391637,24.4,44.5,54.1805229,11579493172.7988,4.0933578356942
DNK,2007,1.44688,3.8,253266086094.534,46373.5166625592,24.3,44.2,55.6447365,9254395907.19547,2.89721892544948
DNK,2008,2.9171177,3.4,251969299855.45,45865.7959577936,24.7,45.1,56.4478583,12450198897.6285,3.52336492423194
DNK,2009,3.4654497,6,239606361759.484,43382.6254590015,25.1,45.8,58.7971852,14446567180.8838,4.49710763047452
DNK,2010,6.5627751,7.5,244089379149.77,43998.4366716285,25.4,46.9,56.3847309,22365400532.532,6.94587839116865
DNK,2011,6.5856316,7.6,247352304134.257,44403.3941459257,25.4,47,56.0214582,21997288777.4218,6.39450236709151
DNK,2012,6.2815237,7.5,247912479127.463,44336.8124612297,25.4,47.3,55.2029688,19694424304.5197,6.02001769439584
DNK,2013,7.7589669,7,250226368470.189,44564.4521554649,25.1,47.7,55.0788714,22702327991.132,6.60749688955463
DNK,2014,8.924345,6.6,254278471651.312,45057.0741699595,25.9,48,54.9099117,24576696342.6657,6.96236253046125
DNK,2015,8.2449729,6.2,260235250681.568,45787.9878732052,26.4,48.4,55.0922205,20545812459.3807,6.78812039733003
DNK,2016,7.9169476,6.2,266480069644.567,46522.2773082741,26.8,48.8,55.0181574,20925951683.7863,6.68313226018554
DNK,2017,7.9547599,5.7,272508824961.245,47269.6913018337,27,49.1,54.8357139,23830894110.2031,7.17536365717992
DNK,2018,6.1303065,5,,,,,55.9108064,21926510162.7914,6.14461254879097
DNK,2019,6.3232691,4.8,,,,,56.1320769,25691269289.8135,7.39186602541877
DNK,2020,6.2871595,4.7,,,,,56.1647937,22970441577.9703,6.4508334002694
ESP,1994,-1.6123813,22,968432004601.383,24486.8229291387,31.9,43.1,61.0420487,-5423452987.20656,-1.02220786670626
ESP,1995,-1.2021675,20.7,995136459341.451,25051.2336818993,32.7,45,59.8266962,-6890846010.14145,-1.12117554083042
ESP,1996,-0.8450958,19.9,1021754206032.79,25614.3894951727,32.2,43.7,59.5927913,-1159858137.39656,-0.180497666612838
ESP,1997,-0.4916523,18.4,1059452992248.17,26448.3786561369,32.1,42.9,59.5690403,1022727272.72727,0.173320905582474
ESP,1998,-1.3240873,16.4,1105072809750.17,27473.3069596232,31.4,42.3,59.1739033,-2833277647.84497,-0.457559717478457
ESP,1999,-2.9650893,13.6,1154632832558.84,28589.3085949046,31,42.5,58.8545061,-12275613126.641,-1.93344893515946
ESP,2000,-4.1233269,11.9,1215702513030.13,29967.1314474464,31,43.6,58.3923782,-17685333088.6275,-2.95561788127208
ESP,2001,-4.1383619,10.6,1264343668195.29,30950.5732327814,30.2,42.8,57.8766043,-14276334669.2914,-2.2739171432525
ESP,2002,-3.8118854,11.5,1300755199282.04,31395.2760183926,29.9,42.8,57.3914926,-14112687852.9412,-1.99118940380387
ESP,2003,-3.9447548,11.5,1342217700982.32,31815.4213391699,30.7,43.6,56.872043,-20018145460,-2.20587685381158
ESP,2004,-5.6492768,11,1384722333058.78,32261.4444925784,31.4,44.6,56.2943692,-39557337570.2704,-3.70021304644785
ESP,2005,-7.5576585,9.2,1436275570283.16,32901.9877322306,31.5,44.8,55.9414483,-55421733453.6965,-4.80375950146492
ESP,2006,-8.9993393,8.5,1496227481883.23,33700.8521141386,31.7,45.5,55.5752694,-71773795549.4117,-5.69452981252671
ESP,2007,-9.6289162,8.2,1552620182077.6,34329.6470032958,31.8,46.1,56.0028396,-85169728225.0983,-5.77812613024725
ESP,2008,-9.214988,11.3,1569973613838.85,34163.9463911854,32.5,47.5,57.9577815,-77276433839.0625,-4.73547169505228
ESP,2009,-4.3070213,17.9,1513866659070.21,32652.5121822546,33.1,48.9,58.7387734,-12997977389.4531,-0.871485977576467
ESP,2010,-3.8835823,19.9,1514079567426.63,32507.0939660629,33.7,50.4,57.7066192,-14574929033.3334,-1.02488186451312
ESP,2011,-3.3007644,21.4,1498957471269.2,32068.2709273108,33.9,50.6,57.117391,4097916264.59145,0.276753374576856
ESP,2012,-0.4457524,24.8,1455071736301.74,31109.1874649142,34,50.9,55.617544,27358289978.9063,2.065175118975
ESP,2013,1.461061,26.1,1430252504937.02,30678.9172969914,34.3,51.4,55.0923614,53241595956.0786,3.92885564532885
ESP,2014,0.9969937,24.5,1449989950005.04,31195.4052422035,34.1,51.1,55.0361733,42501397091.7646,3.0995254602493
ESP,2015,1.0571004,22.1,1502837445922.41,32357.4740440962,34.2,50.9,55.0751327,36350970835.5469,3.04039569780714
ESP,2016,2.1546504,19.6,1550516311345.06,33356.2233860542,34.2,50.8,54.5041634,49163101756.8095,3.98755656108597
ESP,2017,1.9216012,17.2,1596709020411.38,34269.1640457649,,,53.9277351,47334770975.2942,3.6063508129588
ESP,2018,0.9373076,15.3,,,,,53.8948478,38608945789.0196,2.71703764526174
ESP,2019,0.903286,13.5,,,,,54.202738,40816040627.4509,2.92998493219488
ESP,2020,0.9163718,12.2,,,,,54.2718025,18878217288.716,1.47315205339285
EST,1994,-6.8441501,7.6,,,33.7,44.6,57.4674701,-410176132.990303,
EST,1995,-6.1900045,9.8,16322814615.3488,11361.8462429184,34.4,44.9,55.9567217,-328031471.282455,-7.28477885742362
EST,1996,-9.2188788,10.2,17191815944.521,12144.5950918986,34.8,45.3,53.5466486,-498652620.62687,-10.4189436326927
EST,1997,-11.9878859,9.6,19220212758.9559,13733.2848117095,35.3,45.8,52.2216151,-530215284.039675,-10.2866126015252
EST,1998,-9.6840225,9.2,20011558458.4621,14436.7289529188,35.6,46.5,51.8588624,-542983646.679275,-9.56954422087075
EST,1999,-5.1506126,11.3,19840169811.117,14270.9983363474,35.7,47.1,50.4643279,-252396720.613288,-4.38423774693484
EST,2000,-5.487918,14.6,21936893827.1824,15703.0274678557,35.7,47.9,49.493808,-184291900.856906,-3.24082153137454
EST,2001,-7.4073522,13,23325216331.0341,16803.5186789525,35.5,47.7,48.4460825,-247250022.379375,-3.95305957333468
EST,2002,-11.7041462,11.2,24742548540.4217,17937.8319791363,35.2,47.6,48.0419139,-545705943.298483,-7.40645669331602
EST,2003,-12.4973303,10.3,26577496360.9232,19389.4423083658,35.1,47.9,48.6424677,-834581074.977416,-8.45229864144313
EST,2004,-11.5291697,10.1,28250482309.8643,20733.538079237,34.6,47.9,48.7830844,-949754037.267081,-7.81953675285164
EST,2005,-7.9312982,8,30898601006.0056,22807.1827469547,34,47.4,47.5432276,-715041661.48489,-5.06877646392971
EST,2006,-15.5757963,5.9,34072469486.4994,25298.646049925,33.4,46.9,47.6823896,-1720959729.01769,-10.1096917737802
EST,2007,-15.4300836,4.6,36712469966.8663,27383.4695578858,32.4,46.3,49.9260419,-1973380782.91815,-8.79045570317634
EST,2008,-8.7674973,5.5,34722853850.8742,25968.9728072711,32.1,46.2,54.1876466,-950432107.807236,-3.9045462816848
EST,2009,2.5420201,13.5,29610120602.1953,22187.9264018728,32.1,46.5,55.1436137,974584606.835232,4.96400472804138
EST,2010,1.7421648,16.7,30279035698.8539,22740.9720038708,32.3,47.2,51.7327261,1253486957.96955,6.42040829644837
EST,2011,1.4792007,12.3,32579424941.3604,24543.0674715452,32.7,47.4,49.0540856,1350033736.56615,5.81560299847889
EST,2012,-1.9426096,10,33982705150.2729,25691.9996357991,33.1,47.7,49.9329956,381118426.836328,1.6556581179484
EST,2013,0.5206806,8.6,34640794999.0729,26282.9088374806,33.7,48.4,50.1972153,673982717.596865,2.68350587685841
EST,2014,0.8062209,7.4,35641416478.9385,27113.1201129961,33.5,48,50.8515128,929367337.175291,3.48939103140597
EST,2015,1.8450727,6.2,36318705536.669,27610.2419529994,33,47.5,52.4812205,900478443.005468,3.93380718151327
EST,2016,1.7654973,6.8,37585900442.4758,28565.2729101724,32.6,47.2,53.2668574,868157394.238134,3.60637872788696
EST,2017,3.1969083,5.8,39411329929.1416,29916.356908192,,,53.6750704,1092049237.12,4.05598580223713
EST,2018,1.5448629,5.7,,,,,54.4264236,792067370.679999,2.59783645902133
EST,2019,1.3707092,5.7,,,,,54.7317786,1290273855.23921,4.15606139990603
EST,2020,1.39748,5.7,,,,,54.915962,147818451.635798,0.482274306293748
FIN,1994,0.9155209,16.6,135265869909.032,26583.533331846,22.2,43,57.3774089,5829254410.92772,5.64303738884175
FIN,1995,3.8455294,15.4,140956681811.672,27596.4128931831,22.2,44.9,55.9607768,10005446623.0937,7.45618930684228
FIN,1996,3.56359,14.6,146114051490.599,28512.4344000172,22.9,44.4,56.2192545,9139269997.41134,6.91692054504668
FIN,1997,4.7779443,12.7,155248821218.703,30205.0204371741,23.5,44.9,54.4544476,9307066773.56546,7.33347171207595
FIN,1998,4.8670067,11.4,163676522988.61,31760.2768039513,24.1,45.5,53.4370399,10603026257.2319,7.91042050566927
FIN,1999,6.7891556,10.2,170950527443.851,33094.8384299002,24.5,46.1,53.7247598,12131733306.1776,8.96892432790192
FIN,2000,7.4621498,9.8,180583328884.027,34887.1787990067,24.8,46.5,53.1162614,11552545763.1373,9.16726521159174
FIN,2001,8.0567999,9.1,185243809125.451,35706.1533300355,24.9,46.7,52.6795749,11983523078.7402,9.251320629477
FIN,2002,8.1496267,9.1,188356507325.911,36218.2401573648,24.8,46.8,52.7603144,12595042023.5294,8.97054267742413
FIN,2003,4.7687852,9,192112306108.705,36852.4439237464,25,46.9,52.8073061,11304816959.2157,6.58587535996942
FIN,2004,5.8418572,8.8,199654745087.655,38188.2510919027,25.3,47.2,52.6007739,12383047561.7761,6.27055014550448
FIN,2005,3.1650921,8.4,205205057218.311,39115.7647931549,25.4,47.4,53.2931341,8128885839.68871,3.96752627711963
FIN,2006,3.9770818,7.7,213526527453.303,40546.0807261049,25.5,47.6,53.444473,9041567128.23528,4.16490743043546
FIN,2007,4.1011019,6.9,224597452575.821,42467.2609961997,25.7,47.3,52.177736,12291817533.7255,4.79441070817653
FIN,2008,2.7293236,6.4,226216055640.06,42574.6411365042,25.2,47.2,53.5744146,10330586412.5,3.6156796128999
FIN,2009,2.0372427,8.2,207510167298.505,38867.7994464569,25.1,47.2,57.0562435,5167668873.04687,2.03854809157785
FIN,2010,1.4382683,8.4,213719571855.46,39848.1344978775,25.5,47.6,56.0463544,3403114683.33334,1.36438772635708
FIN,2011,-1.4639176,7.8,219213912532.236,40683.5275821703,25.3,47.7,55.8817929,-2146395000,-0.77879574541157
FIN,2012,-1.8854514,7.7,216087507036.948,39912.9413580065,25.1,47.5,57.0840055,-4013679810.9375,-1.55394280654805
FIN,2013,-1.8697932,8.2,214449485305.036,39428.3120606313,25.5,47.9,56.4407008,-2872719318.82354,-1.05862833482608
FIN,2014,-1.3086814,8.7,213094747666.23,39017.5372069548,25.2,47.6,56.1190123,-3160503365.88234,-1.14984750866373
FIN,2015,-0.7196883,9.4,214161632113.654,39083.9347589518,25.3,47.7,55.6420207,-1333634494.53125,-0.568630697542399
FIN,2016,-0.8126883,8.8,220098033048.624,40052.0286231029,25.3,47.7,54.8839145,-3076083750.58367,-1.27759541739074
FIN,2017,-0.3264967,8.6,225936198370.661,41018.0502011471,,,52.9275872,117486842.352941,0.0459564915753797
FIN,2018,-1.8650853,7.4,,,,,52.738568,-3459015759.21568,-1.25456165298885
FIN,2019,-1.4880533,6.7,,,,,53.3249772,418683466.666666,0.155929489852075
FIN,2020,-1.4043991,6.2,,,,,53.535108,647625193.774321,0.238240299165949
FRA,1994,0.4217679,10.4,1801317390749.19,30362.4245480756,28.7,47.9,57.3433826,20831758034.0265,1.49440572539108
FRA,1995,0.6419743,10.2,1838876381020.11,30883.7375344732,28.5,47.2,57.2165842,25613089762.1238,1.59972354308107
FRA,1996,1.3134669,10.5,1864400059290.63,31201.7294381484,28.3,46.4,56.9822794,28611360430.8245,1.78188979018835
FRA,1997,2.8310683,10.7,1907977304690.58,31818.261412683,28.1,46.1,56.4353205,43773881771.1845,3.0128939484536
FRA,1998,2.6999044,10.3,1975828817545.86,32828.554197359,28,46.2,55.7896036,41278630197.9097,2.74621716463397
FRA,1999,2.9047273,10,2043147264350.09,33772.8612707567,28,46.6,56.1295511,35718431874.1314,2.39215017284095
FRA,2000,1.367429,8.6,2122322536032.53,34842.1512174436,27.9,47.3,55.9243564,18145292138.0393,1.32870278002279
FRA,2001,1.8367052,7.8,2163802256622.54,35265.52948229,27.9,46.6,56.0351672,21662591383.0709,1.572422311793
FRA,2002,1.5589273,7.9,2188003452076.17,35401.569449998,27.9,46.3,56.4707226,29879184151.7648,1.99007575752805
FRA,2003,1.2547389,8.5,2205934833276.88,35439.6156059612,27.9,46.3,56.5935494,26305134919.6078,1.42610442604433
FRA,2004,0.885577,8.9,2267401533336.9,36159.8808727277,27.9,46.5,56.0937244,21464778375.2896,1.01266476488819
FRA,2005,0.1537795,8.9,2303854861000.52,36465.3138174928,28,47.1,56.1654069,1876088130.7393,0.0853953072220759
FRA,2006,0.0422098,8.8,2358570190599.08,37071.9741308205,28.1,46.9,55.9800369,-5414142127.05882,-0.233314269234494
FRA,2007,-0.4887965,8,2414267799098.44,37713.3722532325,28.5,47,55.4116187,-19003048491.7648,-0.714241562615898
FRA,2008,-0.6770194,7.4,2418982737774.32,37576.4372988757,28.9,47.3,55.6776221,-33942094707.8125,-1.15831317318985
FRA,2009,-0.386579,9.1,2347832205323.21,36284.0281395516,29.1,47.7,57.5447989,-21373645832.8125,-0.791356429538603
FRA,2010,-0.8080133,9.3,2393982542252.99,36814.9211418022,29.4,48.4,57.4985934,-34154438483.3334,-1.29119140134587
FRA,2011,-1.1805415,9.2,2446475413051,37440.6414948094,30,48.1,57.4606776,-55810445865.7589,-1.94790146956158
FRA,2012,-1.1591992,9.8,2454136177583.1,37376.5468174609,30.1,47.8,58.0541157,-34780514136.3281,-1.29600479508848
FRA,2013,-0.9807344,10.3,2468280019119.02,37398.9414197048,29.9,47.5,58.4164478,-29091097530.9805,-1.03457934081464
FRA,2014,-1.2302554,10.3,2491881294093.88,37575.8163507868,29.8,47.2,58.5135233,-32713003312.9411,-1.1454275234735
FRA,2015,-0.4476941,10.4,2519613748566.82,37835.8070767413,29.8,47.1,57.9540577,-13816764026.9531,-0.56644917832346
FRA,2016,-0.7855681,10.1,2549119689193.99,38126.3615690978,29.8,46.9,58.0548056,-14963116279.3775,-0.605068015320512
FRA,2017,-0.6168145,9.4,2604210195467.33,38807.6937205939,,,58.1262432,-27627482851.7648,-1.0645809192066
FRA,2018,-0.6489975,9.1,,,,,58.2827172,-28205917512.1568,-1.01061817640204
FRA,2019,-0.5611235,8.8,,,,,57.2433183,-26125176635.2941,-0.957362361469211
FRA,2020,-0.6396958,8.5,,,,,57.0830693,-53136105184.4359,-2.02014017352336
GBR,1994,-0.4740706,9.3,1622550999788.31,28039.9224063962,34,53.3,53.3160196,193613406.795225,0.0169763391107843
GBR,1995,-0.6678984,8.5,1662623700839.17,28656.5235723378,34,53.1,53.2974022,4238598706.01231,0.314804483678454
GBR,1996,-0.5679453,7.9,1704831971353.16,29309.2894049483,33.6,52.5,52.1127363,3117004680.18721,0.219273456388397
GBR,1997,-0.0460508,6.8,1773677321405.06,30414.4369646785,33.7,52.5,52.9535047,4923051735.42895,0.315667368266349
GBR,1998,-0.5482034,6.1,1829331917926.51,31277.5062458005,34,52.7,54.4748502,-12707850281.5502,-0.76859277304426
GBR,1999,-2.5114483,5.9,1888176487591.45,32176.1612334331,34.5,52.9,55.6670127,-24081863776.088,-1.42854400798487
GBR,2000,-2.4165987,5.4,1957361709097.31,33236.1717330884,34.2,52.7,56.2948474,-27445907096.3837,-1.65125170687301
GBR,2001,-2.2468597,5,2007159546770.01,33950.789050711,34.1,52.6,57.9714991,-34404779041.3128,-2.09286502986367
GBR,2002,-2.266441,5.1,2056493072013.03,34638.3102621259,33.9,52.5,57.1618602,-46928956834.5324,-2.63043375987956
GBR,2003,-1.9280311,5,2124890166665.72,35624.0818745365,33.7,52.3,57.0986109,-45792653061.2245,-2.22608474804956
GBR,2004,-2.308406,4.7,2175132245624.36,36259.513407317,34,52.5,57.6011425,-61592823141.7063,-2.54325122184465
GBR,2005,-2.0367193,4.8,2242476274441.97,37126.349338819,33.6,52.2,56.966553,-59752727272.7273,-2.3480055099253
GBR,2006,-3.0497946,5.4,2297551483918.55,37759.598347433,33.7,52.4,57.6632615,-55952161913.5235,-2.05929078052606
GBR,2007,-3.5848251,5.3,2351698068824.48,38349.700155137,33.9,52.7,58.2931889,-63433373349.3397,-2.04216506599161
GBR,2008,-4.2284573,5.6,2340585347305.21,37869.2629742833,34,53,57.703783,-60601102941.1765,-2.06204589579872
GBR,2009,-3.5537691,7.6,2242567263511.45,36009.9804229035,34,53.3,59.7283644,-35757906215.9215,-1.47406750924784
GBR,2010,-3.3777101,7.8,2291523422122.09,36508.7801742556,33.5,53.7,59.7417326,-46690303402.4452,-1.87427699502852
GBR,2011,-1.958352,8.1,2329213712304.48,36820.321718188,33.3,52.7,58.576482,-26865731321.8515,-1.00436715225854
GBR,2012,-3.7677856,7.9,2362918842570.34,37094.3126260054,33,52.4,58.5424034,-33495143920.1599,-1.23182028111575
GBR,2013,-5.1490138,7.5,2411272554060.07,37600.7992808045,33,53,58.5179228,-36636617637.8012,-1.30691434928938
GBR,2014,-4.9285499,6.1,2482346272950.75,38418.586445095,33,52.2,57.5432337,-54463364193.7464,-1.76418667471146
GBR,2015,-4.9141831,5.3,2540659601545.17,39009.7348938003,33.1,52.2,57.5848127,-45729442740.7325,-1.54670392701161
GBR,2016,-5.2190275,4.8,2586117999161.24,39425.1958826979,33.4,52.6,57.8256748,-44592847914.6602,-1.63772575940749
GBR,2017,-3.3354817,4.4,2633261062433,39883.8207310329,33,51.9,57.8491869,-34098985079.6423,-1.26338547252143
GBR,2018,-3.855271,4,,,,,58.1895356,-37751725200.4686,-1.30142845316826
GBR,2019,-3.7078156,4.1,,,,,58.5782361,-26406444734.4435,-0.917312816174289
GBR,2020,-3.3946901,4.2,,,,,58.9426706,8148722370.99664,0.2955755282436
GRC,1994,1.3014233,8.9,219799326839.432,20907.5390114597,34.3,46.1,48.227282,-8479169943.82022,-7.27190300735783
GRC,1995,-3.3760998,9.2,224414496752.446,21247.0408971018,34.5,46.5,49.0603265,-11302476834.8287,-8.25731426403756
GRC,1996,-5.2018874,9.6,230837528799.62,21759.0612321488,34.4,46.9,48.1534804,-13014238391.846,-8.92231902392239
GRC,1997,-3.5067854,9.8,241188743298.647,22622.9137945759,34.2,47.1,49.0003885,-9777231998.00324,-6.82969817025105
GRC,1998,-6.7431008,11.1,250582815172.056,23374.1527731618,34,47.1,49.6142407,-13973589300.1268,-9.6751132824579
GRC,1999,-6.5284273,12,258282214391.333,24000.1358885311,33.9,47.1,49.4945698,-12641131817.2047,-8.86544044278528
GRC,2000,-9.0194232,11.2,268406285140.34,24839.0759062479,33.7,47.2,49.4674157,-14322846791.3051,-10.9789154447127
GRC,2001,-9.2672805,10.7,279495791631.05,25731.2092719044,33.5,47.4,48.6770008,-14397643210.6516,-10.5624808541854
GRC,2002,-8.809674,10.3,290460053341.344,26642.768959863,33.3,47.6,51.3971922,-15646977671.069,-10.1232868335303
GRC,2003,-10.9638614,9.7,307290851942.921,28119.4073558205,33,47.6,51.2393571,-22464882716.5282,-11.1008880511229
GRC,2004,-8.6883095,10.6,322842819111.997,29469.5266005245,33.1,47.7,50.578712,-20439040354.2892,-8.48221206750771
GRC,2005,-9.5047282,10,324777106214.375,29559.2813870956,33.1,48.3,53.853045,-20515169268.1961,-8.27640315677525
GRC,2006,-12.3000491,9,343134916881.389,31136.4469589464,33.2,48.6,51.6893351,-28728481528.7964,-10.5022208414474
GRC,2007,-15.5834177,8.4,354368285438.423,32073.9603960134,33,48.7,51.2956784,-39811301620.6088,-12.4838345513254
GRC,2008,-15.8491914,7.8,353180540193.816,31881.7123475428,32.9,48.9,51.779479,-44867904683.0484,-12.6065774760725
GRC,2009,-12.5118878,9.6,337991185797.721,30430.419418438,32.9,49.3,54.076351,-32400225194.1457,-9.77947295930433
GRC,2010,-11.3393114,12.7,319472523306.922,28726.0792836873,33.2,50.1,54.2783772,-22584710275.8334,-7.60108141906961
GRC,2011,-10.290801,17.9,290296713794.743,26141.3195918975,33.6,50.6,53.1057187,-16567757141.5467,-5.85441509304853
GRC,2012,-4.2340295,24.5,269103619809.722,24364.2690631745,33.8,51.2,52.2423015,-11075565713.502,-4.57612586040956
GRC,2013,-2.2026879,27.5,260380827733.851,23746.0845699961,33.7,52,49.8187284,-5882116593.1808,-2.46208759204107
GRC,2014,-2.078223,26.5,262307065531.397,24081.6305378246,33.8,51.7,49.8281468,-3661682943.76626,-1.5551312223428
GRC,2015,-0.2679027,24.9,261158596230.158,24134.6844088562,33.8,51.5,49.3605221,-2002566473.36641,-1.0233699811287
GRC,2016,-1.1693433,23.6,260659907944.892,24188.9949355739,33.5,51.3,49.3399681,-2789610583.56187,-1.44428545282795
GRC,2017,-1.0769149,21.5,264583098414.35,24604.2995937195,,,49.3312042,-3019173485.74236,-1.51076207033683
GRC,2018,-1.3985011,19.3,,,,,49.5903794,-4589204577.50666,-2.16421435528047
GRC,2019,-1.0208707,18.2,,,,,49.8526423,-3541861742.06274,-1.72652337060916
GRC,2020,-0.7787536,16.8,,,,,49.6517828,-14379644789.9316,-7.61491748684558
HUN,1994,-7.0420048,,155916548819.048,15074.078847632,28,45.8,,-2442687865.58817,-5.65873478608689
HUN,1995,-3.0661455,9.7,158238965533.294,15319.9246520145,28.2,46,54.2390357,-3595385.49771033,-0.00774438990056169
HUN,1996,-3.361772,9.9,158261363913.912,15348.4347770764,28.3,45.9,54.0506308,220869497.997664,0.473372033351562
HUN,1997,-3.9668097,9.1,163547552364.289,15893.0834135811,28.3,46.4,53.5681547,455053075.873766,0.962119222689076
HUN,1998,-6.5261693,8.7,170475177660.789,16604.881441493,28.5,47,52.6638453,-764466886.223383,-1.56952845486726
HUN,1999,-7.6431994,6.9,175908044881.757,17182.6646546342,28.6,47.9,51.8815593,-1343856817.19853,-2.73846393389122
HUN,2000,-7.8652748,6.3,183312331005.131,17952.4876728307,28.6,48,52.6352981,-1742747162.08707,-3.69082168097213
HUN,2001,-5.6244469,5.6,190352460224.218,18684.7646804518,28.5,48,52.634031,-693604433.003185,-1.29042711397715
HUN,2002,-6.7770607,5.6,198972011588.617,19586.5429189331,28.6,48.4,51.6439302,-1383388019.93149,-2.04616201152023
HUN,2003,-8.2379161,5.8,206629687547.971,20398.6995227401,28.6,49.2,52.637345,-3360777899.18892,-3.93985808681815
HUN,2004,-9.6361555,6.1,216971334022.862,21467.12177927,28.3,49.8,52.5008739,-4499881131.9396,-4.32094880028137
HUN,2005,-8.6809992,7.2,226492503026.422,22453.7566701932,27.9,50,52.7728117,-3150326306.16412,-2.78207152138405
HUN,2006,-7.423899,7.5,235215121075.308,23354.8286951337,27.4,49.8,51.8854941,-1674937021.72156,-1.44701398917066
HUN,2007,-7.2176696,7.4,236237746190.024,23492.7321590194,27,49.9,51.6427647,197494034.062752,0.140838244063026
HUN,2008,-6.8029976,7.8,238258790908.051,23735.2389602636,26.7,49.9,51.2813692,57851426.9379531,0.0365282645196641
HUN,2009,-0.7884432,10,222533772511.829,22203.0872585423,27,50.5,50.7166625,4520066797.89682,3.44742659181671
HUN,2010,0.2664869,11.2,224052294354.952,22405.1779035861,27.2,50.6,49.4047084,6277925564.95533,4.74769093141492
HUN,2011,0.91271,11,227766313841.215,22841.2103381104,27.5,50.8,49.1272374,8122235209.27109,5.71988555297161
HUN,2012,1.7637812,11,224050526597.049,22584.9144010117,27.8,51.1,49.2253757,7870725034.70614,6.10809067854876
HUN,2013,3.7486518,10.2,228741342890.596,23121.3430648403,28,51,48.2209955,8786284896.84615,6.47323131935915
HUN,2014,1.5090065,7.7,238404872621.714,24163.1425370978,27.9,50.6,47.2290543,8253775768.30202,5.85046438987875
HUN,2015,2.7178191,6.8,246835883273.134,25077.2306319899,27.7,50.4,45.1450871,9679038421.95233,7.73022388677408
HUN,2016,6.1968779,5.1,252465710545.596,25724.996828069,27.9,50.7,47.0878781,10810361485.7265,8.40383126269224
HUN,2017,3.0077162,4.2,262910378409.121,26860.5733212723,28,50.8,47.1917444,9460592736.54805,6.60950180514385
HUN,2018,0.4665724,3.7,,,,,48.1713998,6824231620.88979,4.24955860970792
HUN,2019,-1.2317015,3.5,,,,,48.2614904,3786695795.77513,2.31564669588713
HUN,2020,-1.3855777,3.5,,,,,48.5533557,3259934631.32718,2.07979420487828
IRL,1994,2.9005562,14.3,85161666500.7168,23719.3623473122,32.8,49.4,56.2972481,5384983510.01178,9.43118138473316
IRL,1995,2.6450852,12.3,93366501092.7552,25871.6028477717,32.7,49.2,53.4291912,7561724747.47475,10.9368586640233
IRL,1996,2.9370362,11.7,100657747726.461,27672.1569772898,32.5,49.1,52.5115094,8295999243.95161,10.9459205399626
IRL,1997,2.7559568,9.9,111015380153.206,30215.0825732405,32.4,49.1,50.7221479,9926303724.92837,11.9800931774074
IRL,1998,0.6259604,7.5,120451909334.089,32443.2459145831,32.1,49,50.5100825,9809849725.24392,10.8757360083413
IRL,1999,-0.0389281,5.8,133241315170.596,35485.7281268748,31.7,48.7,48.9575983,12904845409.9143,13.0491747287953
IRL,2000,0.6142993,4.5,145979037300.142,38363.3014679859,31.3,48.6,47.1624747,13853060504.3718,13.8243596917835
IRL,2001,0.1793395,4.2,154451131280.568,39948.635220437,30.9,48.7,46.6560687,17066863709.6386,15.6080325353008
IRL,2002,0.2470594,4.7,164195876575.576,41759.4328142205,30.7,49.3,44.7009842,22092284291.5381,17.179599854686
IRL,2003,0.4922029,4.8,169317981892.831,42366.3436005544,30.5,49.8,45.2926077,24947098818.7564,15.1496823801399
IRL,2004,-0.0982364,4.7,180630501634.785,44378.1018604661,30.5,50.1,45.9087907,27918899886.431,14.3636343518372
IRL,2005,-3.5404528,4.6,191479861923.835,46029.7645393233,30.2,50.6,46.5136418,23051809617.2327,10.8798079747449
IRL,2006,-5.3509651,4.8,202052742426.472,47279.3822400112,30,50.7,46.7461406,18684846091.4788,8.04754777545421
IRL,2007,-6.5051301,5,212577096729.013,48324.5963981823,29.8,50.7,48.4020395,22353723397.453,8.27672653951809
IRL,2008,-6.2384403,6.8,204210212988.007,45485.7359651686,29.5,50.7,52.5051265,23763185836.0492,8.62712070321947
IRL,2009,-4.6534417,12.6,194761872852.657,42942.8377703402,29.8,51.4,52.8104263,31969103526.6738,13.5208434431458
IRL,2010,-1.1919424,14.6,198434052626.612,43514.7604909509,29.9,52.2,50.1293996,36950206567.3167,16.6535383224029
IRL,2011,-1.6422913,15.4,205817785650.976,44937.5569642338,30.1,51.9,48.3074611,44765788997.5195,18.7323712898145
IRL,2012,-3.3863195,15.5,206193700638.4,44829.2686754068,30.4,51.8,47.4216561,39332720827.8141,17.4426949369905
IRL,2013,1.5494457,13.8,208950346578.895,45190.0219599775,30.3,51.6,47.3188,44874933087.7499,18.8329153159847
IRL,2014,1.0717853,11.9,227339083282.352,48808.8822652943,30,51.2,45.0262686,46743871351.4155,18.04994196054
IRL,2015,4.4027468,10,284440411251.295,60494.0477446508,29.7,50.8,35.5620894,83966575299.696,28.7970932425069
IRL,2016,-4.1620901,8.4,298627111246.159,62798.3330819299,29.6,50.7,36.1791446,46881110299.3775,15.6830696221181
IRL,2017,8.4745565,6.7,320193330351.943,66549.9829156987,29.7,50.7,34.8816604,74137335779.0143,22.1021233703363
IRL,2018,9.1049814,5.8,,,,,34.3009415,109950714774.447,28.5555334626822
IRL,2019,8.4790197,5.4,,,,,34.2053509,14052283267.0039,3.52079841029832
IRL,2020,7.8553608,5,,,,,34.2447363,94862891105.9115,22.274090671982
ITA,1994,1.1520149,10.6,1831628537567.62,32222.360688622,33,46.2,55.3977779,36132880643.6119,3.28714811454823
ITA,1995,1.9348245,11.2,1884504663119.53,33152.0409902736,33.2,46.7,53.4415338,42997622726.7324,3.6604248832676
ITA,1996,2.8184067,11.2,1908746354521.25,33569.0629900554,33.1,46.7,53.9173881,59461663947.7977,4.53066611261581
ITA,1997,2.6080102,11.2,1943778759591.21,34167.0952615886,33.2,46.8,53.9984927,46087085038.6539,3.71107512166578
ITA,1998,1.651969,11.3,1975191702271.28,34709.2728108162,33.3,47.1,51.745455,38522805843.6489,3.03316634998926
ITA,1999,0.7937443,10.9,2006001735574.94,35244.7565357214,33.2,47,51.7869987,22302224792.973,1.78069258422014
ITA,2000,-0.2821105,10,2080426538099.69,36535.8187670132,33.3,47.1,51.0541889,9745313088.47061,0.849874375046768
ITA,2001,0.1436765,9,2117295623397.28,37162.42333617,33.4,47.1,51.1923053,14754690399.9606,1.26321870527693
ITA,2002,-0.5106576,8.5,2122558107457.35,37199.3523731905,33.2,47.2,51.4609106,9665276392.47061,0.757010377787549
ITA,2003,-0.7910997,8.4,2125769923933.47,37090.4052236178,33.2,47.5,52.0140893,7186714435.5294,0.455541046590031
ITA,2004,-0.4891385,8,2159398304461.84,37434.1000868702,33.1,47.7,51.9549504,10646435537.5676,0.589326449629868
ITA,2005,-0.8995818,7.7,2179905381527.55,37604.360624075,33,47.2,52.1316931,-1836401651.05058,-0.0988259985553368
ITA,2006,-1.4981852,6.8,2223647071999.34,38243.8063277255,33,47,52.2736118,-16009763919.1764,-0.821202318458558
ITA,2007,-1.3857593,6.1,2256420706781.35,38612.0116543642,32.8,46.9,52.0383744,-7510630798.31375,-0.339371125234838
ITA,2008,-2.812571,6.7,2232719199712.22,37954.1606640052,32.8,47.2,52.8885427,-18482248598.0469,-0.767326409229923
ITA,2009,-1.8861091,7.7,2110320304292.05,35710.4200015019,33,47.4,54.2493732,-13649201302.2266,-0.62043831948893
ITA,2010,-3.41479,8.4,2145911350104.08,36201.1615672134,33.1,47.9,54.0535251,-39690631283.3334,-1.85808867164813
ITA,2011,-3.009717,8.4,2158285168982.73,36347.3424784176,33.6,48.1,53.6417328,-32143587482.4903,-1.40059552785197
ITA,2012,-0.3616455,10.7,2097442812673.49,35227.6248251817,33.8,48.4,53.6671184,23035104576.9141,1.10376482731308
ITA,2013,0.9565567,12.1,2061195628130.18,34219.8327781897,33.8,48.6,53.4172637,51382761948.3923,2.3989067626236
ITA,2014,1.8764576,12.7,2063538655939.68,33945.8438783585,33.6,49,52.9777745,62601879658.588,2.89554122217596
ITA,2015,1.2882809,11.9,2082605598097.42,34292.5348236811,33.7,49,52.8814513,55352377649.1015,3.01378858311359
ITA,2016,2.4602385,11.7,2106462112257.78,34744.3351902428,33.7,48.9,52.6535792,61721471023.541,3.28817867906508
ITA,2017,2.51597,11.2,2139570637252.41,35343.358973353,,,52.1722458,56171927914.4707,2.8632906919803
ITA,2018,2.4369238,10.6,,,,,52.7876329,50280791591.2157,2.40355715891555
ITA,2019,2.5394739,10.9,,,,,52.8161074,66893079858.8234,3.32588644385962
ITA,2020,2.4996924,11,,,,,52.7517375,69313257114.7084,3.66238016387474
LUX,1994,,3.2,26329617330.3327,65346.1992438609,24.5,40.1,50.8663752,3273598987.21968,18.4930300441252
LUX,1995,10.658163,2.9,26706710182.8191,65357.5042711999,25.1,40.7,50.9689652,4048253968.25397,19.4132055106221
LUX,1996,10.6111508,2.9,27077513718.9217,65369.095826958,25.5,41.4,50.6975304,4247033224.7557,20.3252896368021
LUX,1997,8.7923028,2.7,28623563147.5396,68240.7036536885,25.8,41.9,51.0622577,3981856111.86288,20.353145762833
LUX,1998,8.8478055,2.7,30353757777.4358,71471.0566928086,25.9,42.1,51.8580549,3793094020.89353,18.8242381095204
LUX,1999,5.4559898,2.4,32928060831.9574,76492.3882500899,26.1,42.3,49.4790849,4369002405.14325,19.9504043238973
LUX,2000,6.6249498,2.2,35641266895.965,81689.8164014783,26.2,42.7,49.7291835,4856922804.46276,22.8774420216247
LUX,2001,8.1179778,1.9,36543694836.0446,82766.9890403592,26.3,43.1,52.6840802,4627445497.52127,21.636180972198
LUX,2002,7.6131583,2.6,37939470223.0149,85032.7118799011,26.5,43.6,53.3576383,5211061529.04511,22.0342420847325
LUX,2003,3.1675067,3.8,38557613098.3109,85374.3398319662,26.7,44,52.7745094,6146511781.66626,20.7181589159412
LUX,2004,7.0634064,5,39950382217.2853,87209.8193983459,27,44.6,52.617193,7799067256.82357,22.2418422933425
LUX,2005,9.2550907,4.6,41217785214.6999,88610.2898686036,27.3,45,52.2180282,8879862271.25291,23.5713427561441
LUX,2006,1.3647476,4.6,43352242437.3619,91724.1824854209,27.4,45.3,50.1783096,12701864962.2106,29.6010758727604
LUX,2007,9.0745093,4.2,46974128599.1102,97864.1951009914,27.8,45.7,49.624672,16336899957.104,31.6683909418714
LUX,2008,5.644847,4.9,46373054426.7791,94900.3467241975,28.1,46.2,52.0978179,18109940087.932,30.776042795173
LUX,2009,-2.0994404,5.1,44351835227.9513,89098.7342435384,28,46.1,55.2058681,17602447068.3711,32.3174644846066
LUX,2010,4.9694097,4.6,46509538067.72,91743.2938905974,28,46.4,52.719997,17846724852.25,31.7478373731493
LUX,2011,1.1344932,4.8,47690524461.9649,92005.0168361444,28.2,46.6,51.4805894,18671634868.3463,30.2637929984988
LUX,2012,-0.3302949,5.1,47522406130.3068,89505.1589621295,28.8,47.2,52.5283545,18313535757.9129,30.6367409288497
LUX,2013,-1.3830238,5.9,49259050866.1997,90656.3804221873,28.7,47,51.9210629,21017073519.5306,32.233155538089
LUX,2014,-1.0430609,6,51375607076.8136,92349.1864861951,28.6,46.4,51.4369639,22111342537.485,32.1363316425868
LUX,2015,1.9792993,6.5,53387456721.0942,93727.3205965797,29.1,46,51.8003076,19546646966.8043,32.538923722197
LUX,2016,2.5797783,6.3,54674858288.3577,93940.7957340506,29.2,45.8,52.1065784,21004332240.1261,33.7598581043561
LUX,2017,4.8385714,5.6,55519946036.3272,93101.7849607054,,,53.660602,20831428213.8294,31.701015101158
LUX,2018,4.7959018,5.4,,,,,53.4183013,23315381762.8831,32.707267192985
LUX,2019,4.5780069,5.2,,,,,54.3344453,21662361276.149,30.8599479658178
LUX,2020,4.6890001,5.2,,,,,54.6608351,24269944883.4429,33.0864462894825
LVA,1994,4.9678212,13.1,,,28.8,42.6,56.5797393,,
LVA,1995,-2.7591899,14.9,20585788130.0417,8283.83269030626,29.6,43.1,48.3455378,-274522247.575585,-4.74203053355757
LVA,1996,-6.8078484,15.9,21071410829.0215,8575.29797023691,30.3,43.6,52.4024293,-538259315.97754,-9.00814893837412
LVA,1997,-7.1120034,15.4,22962386582.9239,9438.4681112505,31,44.1,50.5069019,-590058069.199129,-9.0389815833405
LVA,1998,-9.6848706,14,24459940400.7881,10149.2728483834,31.6,44.6,49.1444784,-865734540.688669,-12.0806762815157
LVA,1999,-9.527226,14.1,25100535081.2021,10500.1983203396,32.2,45,50.3387119,-738938265.673793,-9.80832288583166
LVA,2000,-5.6542132,14.3,26457685491.8877,11175.1327287228,32.8,45.5,48.7304163,-634042873.696408,-7.96651083425906
LVA,2001,-8.3491955,13.5,28167198619.2256,12051.8398829463,33.4,46,47.3370708,-866921871.502127,-10.3669043110484
LVA,2002,-7.2231319,12.5,30167923160.9054,13058.72900467,34,46.4,44.5367181,-967859254.206457,-10.127195285953
LVA,2003,-8.5292563,11.6,32711287609.4814,14297.1726321022,34.6,46.9,44.1919325,-1473642848.35814,-12.518229343238
LVA,2004,-12.9071848,11.7,35437952297.0499,15658.8784418383,35.1,47.2,44.0099319,-2210251073.24054,-15.3110066818826
LVA,2005,-12.5127691,10,39228763188.3494,17522.2354433557,35.5,47.5,45.5703704,-2430826384.56752,-14.2960691773262
LVA,2006,-21.3989005,7,43892822018.5522,19786.1850092443,35.5,47.7,46.9402816,-4452603461.24906,-20.6425019472407
LVA,2007,-21.133622,6.1,48273004944.1869,21939.0339809741,35.7,47.9,49.7477852,-5915885651.75763,-19.050102370366
LVA,2008,-12.7031313,7.7,46560450472.2381,21384.2741093132,35.8,48,53.8531297,-4539669638.94168,-12.6614461917647
LVA,2009,7.8975003,17.5,39854957902.3844,18609.2985902044,35.8,48.1,53.1388266,-524093689.185432,-1.98438337499647
LVA,2010,2.1228261,19.5,38284405411.0273,18251.9196927028,35.7,48.1,48.6103915,-500209953.069237,-2.08802199029411
LVA,2011,-3.0741633,16.2,40727341459.1352,19773.3473316547,35.6,48.1,44.6453521,-1629413275.45632,-5.93066428386386
LVA,2012,-3.525787,15,42370538334.0165,20827.8732755367,35.5,48.1,45.2467071,-1504536331.62898,-5.34093549873874
LVA,2013,-2.4471411,11.9,43400079371.7675,21563.6817443732,35.4,48,46.8928429,-1319196557.57643,-4.36750873994077
LVA,2014,-1.7374342,10.8,44206558591.5073,22172.2127050536,35.2,47.9,48.4601896,-923252248.065095,-2.94152130793274
LVA,2015,-0.4669758,9.9,45520246586.9951,23018.7737446797,35.2,47.9,51.4182575,-469885366.257031,-1.7235220102648
LVA,2016,1.6163638,9.6,46459958043.4625,23709.6610288362,35.1,47.9,53.4132441,89808584.0603115,0.319790169405428
LVA,2017,0.7192305,8.7,48614064530.2711,25029.7925549524,35.2,47.9,53.3896089,-196706864.534118,-0.645283152697705
LVA,2018,-0.4784434,7.4,,,,,53.5480654,-240803710.276078,-0.699420681305567
LVA,2019,-0.2476978,6.9,,,,,53.8706405,-241926277.890196,-0.705143846316642
LVA,2020,-0.2093467,6.7,,,,,53.9470967,395214702.245915,1.1746449446539
NLD,1994,5.2546475,7.2,521429225353.801,33896.8157471203,26.4,44,62.3802339,24721442063.2038,6.52056684744784
NLD,1995,6.24615,8.3,537677147563.324,34780.8356865457,26.3,43.3,61.308446,29957452648.9157,6.62333445608669
NLD,1996,5.7868698,7.7,556854581811.111,35855.5522051586,25.9,42.9,60.7156539,27227450980.3922,6.04396082698585
NLD,1997,5.4345529,6.5,580798590600.472,37205.2791267803,25.5,42.6,59.7116311,26589112265.6426,6.37915056659603
NLD,1998,4.1349751,5.1,607082137375.912,38649.905108916,25.2,42.6,59.2764602,26844034658.9647,6.12866001344171
NLD,1999,5.1521126,4.2,637750065445.993,40333.0708408651,24.7,42.6,59.508101,24177138720.0773,5.40815669707886
NLD,2000,6.3306542,3.7,664782779691.83,41743.2568540699,25.2,42.7,59.2706629,27322306425.0981,6.54458891123368
NLD,2001,4.3118529,3.1,678904523251.513,42309.4171479762,25.6,43.1,58.3500439,28303684329.9213,6.55805063905819
NLD,2002,4.9022523,3.7,679608071880.324,42083.7859823598,25.9,43.7,58.897625,32409539441.1765,6.83944709730074
NLD,2003,6.1005051,4.8,681537632659.017,42004.6192458555,26.2,44.4,59.0566915,38564651249.8038,6.64827128956144
NLD,2004,6.5798075,5.7,695377660403.973,42708.9484757146,26.6,45,58.3051902,50957702301.9306,7.73986086917092
NLD,2005,5.1987446,5.9,710400362962.549,43529.7860842103,26.8,45.2,57.0188776,57963409880.1556,8.45751275679228
NLD,2006,7.4391066,5,735396772707.335,44989.1244834065,27,45.4,55.6711971,63047383725.8823,8.59008529696551
NLD,2007,5.3439282,4.2,762595224569.449,46551.6650149929,27,45.6,55.6240505,60188654526.2747,7.09304391362631
NLD,2008,4.260829,3.7,775552180926.047,47158.6631704948,26.8,45.3,56.263447,81169523564.8437,8.52737493008322
NLD,2009,5.6108584,4.4,746332604638.495,45149.1280566733,26.5,45,59.2078986,66100133755.0781,7.58447735587557
NLD,2010,7.0383159,5,765998815150.738,46101.7545025257,26.5,45,57.8791287,68513037333.3335,8.08527082058928
NLD,2011,8.6355382,5,777880906388.857,46599.02103045,26.4,44.1,58.4490399,77259084357.9768,8.53436332856161
NLD,2012,10.2446375,5.8,769865979379.906,45948.5362831563,26.5,43.9,59.2310274,81697142067.1875,9.73833247060337
NLD,2013,10.0696027,7.3,768863804497.511,45753.6324046841,26.8,44.6,58.9217975,89573593036.863,10.2116242696411
NLD,2014,9.5156055,7.4,779807776530.006,46238.2097020059,27.2,43.9,58.8485557,99049032976.0781,11.1020608731908
NLD,2015,6.2990574,6.9,795085534198.946,46935.6049728766,27.2,43.3,57.6333721,57427277705.8593,7.50121737718983
NLD,2016,8.0618406,6,812511532978.612,47709.7212052938,27.2,43,57.7132348,80065622861.0897,10.2116647866764
NLD,2017,10.4803215,4.9,835821125458.889,48789.135711559,,,57.3506267,89685388600.0002,10.7553248273377
NLD,2018,10.9698684,3.8,,,,,57.2730019,96374154681.5686,10.543717142536
NLD,2019,10.1358091,3.5,,,,,57.3050832,89242268972.5489,9.8047487562342
NLD,2020,9.4617216,3.6,,,,,57.4524709,95120949757.1987,10.4086389741218
POL,1994,2.2679275,14.4,407785290998.937,10580.1046331461,29.2,47.8,57.5452233,,
POL,1995,1.4981882,13.2,436133939751.072,11300.2710804927,30.3,49.9,56.8803408,3074226804.12371,2.16049382716049
POL,1996,-0.9178546,12.1,462548738613.574,11975.5672031304,29.7,48.9,58.5480079,-2265123697.19224,-1.41399454036495
POL,1997,-3.2039464,10.9,492427304916.721,12740.7926723475,29.8,48.8,59.1504978,-6181502149.84905,-3.87900846182991
POL,1998,-3.7332321,10.2,515151089342.272,13323.9707346132,29.7,48.5,58.6656583,-8458019220.80912,-4.84184726479691
POL,1999,-5.0336632,13.4,539065488351.518,13943.6551893679,29.6,48.8,58.0252698,-10079151017.1158,-5.92783123063466
POL,2000,-5.4879698,16.1,563644562993.499,14732.4819975514,29.9,48.7,56.8048616,-11180368606.3367,-6.4919310124612
POL,2001,-2.5308536,18.3,570678877792.809,14920.4597322179,30.3,48.8,58.5329719,-7220254525.02504,-3.78210935220869
POL,2002,-2.2118927,20,582329879985.341,15232.1301462194,30.8,49.3,55.9860438,-7089215686.27451,-3.56113044099215
POL,2003,-1.8216637,19.8,603075216283.877,15785.4208615325,31.7,50.7,53.8926437,-5980046797.45957,-2.74531607078777
POL,2004,-6.1045247,19.1,634047045738.359,16605.8184287535,32.2,51.9,50.6127702,-7588856080.48994,-2.9747366548386
POL,2005,-3.1989928,17.9,656198484341.095,17193.5237317708,32.6,52,49.6997115,-4002472569.92737,-1.30738089709549
POL,2006,-3.9965452,13.9,696748952043.433,18267.5880180759,32.1,51.4,48.4902304,-8025586491.36375,-2.3288084972289
POL,2007,-6.7102277,9.6,745763861167.56,19563.2976317127,31.7,50.6,48.2653687,-16298276671.8451,-3.79887967070538
POL,2008,-6.6297376,7.1,777456673512.194,20391.9002245226,31.6,50.2,50.0955201,-28153328905.8609,-5.27602131659784
POL,2009,-3.3971526,8.1,799382971219.087,20952.8016743906,31.4,49.7,48.7086843,-4323899875.00401,-0.983291120788615
POL,2010,-4.8360961,9.7,828216141525.126,21770.6444359772,31.4,49.2,49.0415103,-10417205584.8506,-2.17100115838335
POL,2011,-4.762309,9.7,869769693309.293,22850.6388460286,31.1,49.3,47.910902,-11426015930.8762,-2.1627841157744
POL,2012,-3.2930021,10.1,883754778000.423,23218.1112952256,31.2,49.4,47.7683601,-3800399201.59681,-0.762330899410019
POL,2013,-0.494962,10.3,896055692894.084,23555.4962149534,31.7,49.8,47.7303803,7507751692.71657,1.4409822168135
POL,2014,-1.3528595,9,925790830965.083,24355.3952737249,31,49.3,47.7775537,5255666508.16294,0.968827356005339
POL,2015,0.1899759,7.5,961331455330.114,25307.2455311155,30.5,49.1,47.1360927,13169120573.0203,2.75613065706075
POL,2016,-0.0295522,6.2,990773196008.699,26093.5192486838,30.2,49.3,48.1573566,17812468296.642,3.76879473803681
POL,2017,0.1388418,4.9,1038387237679.91,27344.0946820905,,,48.2962115,19836477654.5921,3.76754856558458
POL,2018,-0.5475584,3.9,,,,,48.9977334,17990420023.8115,3.0626592287261
POL,2019,-0.9646639,3.8,,,,,50.0137814,28408865968.6409,4.75636872334237
POL,2020,-1.3642536,3.5,,,,,50.9008635,40529784342.3853,6.79318300599659
PRT,1994,-7.2442668,7.6,210082013618.097,21026.0209145347,33.7,49.3,58.2658727,-6888712560.38647,-6.91022815664158
PRT,1995,-3.3281965,7.9,219079365016.882,21850.740004652,33.7,49.5,58.9922335,-7530287912.96272,-6.37500841443493
PRT,1996,-4.6266361,8,226739875763.326,22529.9200028742,33.6,49.6,60.0662586,-8722525344.42423,-7.11287528792175
PRT,1997,-6.305615,7.5,236775859621.002,23422.3363670727,33.6,49.7,60.0619785,-9357416809.60549,-7.99666200727522
PRT,1998,-7.7424108,6.1,248121619330.206,24420.9481126354,33.6,49.9,60.0686081,-11362958593.0543,-9.16764440228357
PRT,1999,-8.8428137,5.5,257769117368.771,25227.3885769824,33.6,50.2,59.7130006,-13193669761.5124,-10.3503803678335
PRT,2000,-10.9528646,5.1,267532107224.513,25999.490687324,33.7,50.4,60.2300037,-13098469051.8228,-11.043756798544
PRT,2001,-10.2487471,5.1,272731072640.452,26318.4781605115,33.8,50.6,60.385815,-12424660028.7622,-10.2173029500591
PRT,2002,-8.7584796,6.2,274827817453.899,26375.9645090982,33.9,50.9,59.7810339,-11001387195.7679,-8.16153495178184
PRT,2003,-7.4052233,7.4,272260361795.028,26031.6494368752,34.2,51.2,59.8672751,-10582015649.071,-6.40456369258184
PRT,2004,-8.8037282,7.8,277192584337.388,26439.9331827642,34.3,51.3,58.6030879,-14905302069.639,-7.87049055652399
PRT,2005,-10.2156353,8.8,279318053929.939,26593.2855513384,34.4,51.5,58.6459371,-17311334502.898,-8.77616946854467
PRT,2006,-10.6889701,8.9,283656013687.548,26957.6363702978,34.3,51.6,57.2156693,-16350314965.687,-7.83224423600056
PRT,2007,-10.0247476,9.1,290724728488.065,27575.2367634059,34.2,51.6,56.0974835,-18176093820.0338,-7.55774843912445
PRT,2008,-12.5935736,8.8,291304062192.188,27590.3749475111,34,51.5,56.6815147,-25165708546.3375,-9.55358476538675
PRT,2009,-10.0637966,10.7,282628721932.724,26743.1979904258,33.8,51.4,57.5654395,-16894818154.457,-6.90520809061924
PRT,2010,-10.3052979,12,287994968535.799,27238.4606724422,33.7,51.4,56.4892577,-18202971434.9167,-7.64467760590248
PRT,2011,-5.4551942,12.9,282733725683.416,26780.2149060404,33.7,51.4,55.5302495,-10270004538.93,-4.1898207996811
PRT,2012,-2.0200725,15.8,271344485298.987,25805.8498346706,33.7,51.4,53.9807373,-1069897488.19453,-0.494809224596995
PRT,2013,0.7343243,16.4,268277871398.907,25654.6144484694,33.8,51.4,53.7218797,2487546493.79844,1.09857532601669
PRT,2014,-0.2533813,14.1,270674094798.987,26023.6978492184,33.7,51.4,52.6545082,343998007.587842,0.149628128994949
PRT,2015,-0.8864197,12.6,275605956086.79,26607.8329688632,33.7,51.4,51.6037738,1474193135.08008,0.739336511245679
PRT,2016,0.13726,11.2,280913398387.057,27205.9178026354,33.7,51.4,51.4370733,2368570098.20896,1.14741764631849
PRT,2017,0.2080966,9,288765060171.429,28034.6261925797,,,51.713129,2234369286.59295,1.00939227458253
PRT,2018,-0.8592867,7,,,,,52.1156198,1121127354.33725,0.462677122134459
PRT,2019,-1.0468494,6.2,,,,,52.2507849,1085043951.78039,0.452126282486238
PRT,2020,-1.0799611,5.7,,,,,52.1221126,-4827285116.979,-2.11223464749842
SVK,1994,5.3211042,,66787607793.855,12492.232110929,21,39.5,,459021236.208328,2.27655947315908
SVK,1995,2.3629239,12.1,70690338548.0783,13183.5792114244,22.4,40.3,42.5589891,-180675816.993464,-0.69920585649973
SVK,1996,-9.3593647,11.1,75466988795.9471,14044.6526477464,23.8,40.9,44.0525187,-3695185044.35995,-13.2325163140463
SVK,1997,-9.0235304,11.5,80045980799.3515,14869.3393686783,24.3,40.5,45.7922618,-2873127903.02481,-10.3700461614686
SVK,1998,-9.274135,12.7,83257276426.6318,15445.1403959532,24.7,40.3,45.8687951,-3294999440.65332,-11.0363054882632
SVK,1999,-4.0174992,16.5,83086541196.933,15397.7452264693,25.1,40.3,44.5184325,-1458742079.30232,-4.78846466425124
SVK,2000,-2.5539464,18.9,84092032397.8966,15605.1961129724,25.5,40.5,44.6385569,-695235492.086276,-2.37747830797996
SVK,2001,-7.0729996,19.5,86880917906.687,16152.2710836105,25.8,40.8,43.6839759,-2290840309.96103,-7.44292070821668
SVK,2002,-7.4758636,18.8,90810361317.6689,16888.9431922391,26.2,41.4,43.8067888,-2270670486.03295,-6.43289623488126
SVK,2003,-6.3932896,17.7,95731116836.4731,17815.829837356,26.6,42.3,43.0944524,-224737815.553333,-0.478981206571015
SVK,2004,-6.6965456,18.4,100765459657.34,18756.5539505275,26.8,43.2,41.7063355,-894719033.894983,-1.55772778918902
SVK,2005,-8.5516658,16.4,107568096372.995,20020.8375943888,26.9,43.4,42.2846604,-1962212768.0249,-3.12410865785582
SVK,2006,-8.2603183,13.5,116660706811.781,21712.1783648146,25.7,42.1,41.7498429,-1519077447.45529,-2.14657986379869
SVK,2007,-5.6088063,11.2,129259569729.464,24049.9833717541,25.3,41.8,41.3524095,374103501.798825,0.432169907638847
SVK,2008,-6.5600288,9.6,136536597873.784,25382.1684009197,25.3,41.6,41.8913105,-1790483000.10156,-1.77486590204998
SVK,2009,-3.4127391,12.1,129132843080.898,23973.8413853129,25.7,41.9,45.0640928,-150597447.654687,-0.168454833792671
SVK,2010,-4.6761271,14.5,135643355150.545,25159.0775487579,25.7,41.9,44.3357155,-279948937.066667,-0.308309806912895
SVK,2011,-5.5129319,13.7,139467276321.22,25835.0047572051,25.4,41.4,44.0333818,699096998.180935,0.702660061940122
SVK,2012,0.4057988,14,141778456459.842,26218.4716043616,25,40.8,43.898441,5210804782.15313,5.52851872860132
SVK,2013,1.507081,14.2,143891871970.657,26580.7178548938,25.2,40.8,43.797242,5533457717.40786,5.61377282320296
SVK,2014,0.9727579,13.2,147849380511.92,27285.284673711,24.7,40.3,44.0926153,4880910553.06783,4.82832151714998
SVK,2015,-2.2792395,11.5,154021904671.235,28397.4107219706,24.5,40.1,44.7256475,2721089240.36094,3.0699272571687
SVK,2016,-1.1858508,9.7,158835720843.311,29247.215757852,24.3,39.8,45.5352543,2645453056.6611,2.95004760396973
SVK,2017,-0.2392551,8.1,163899945340.224,30132.9204821976,,,46.864828,2088622339.92942,2.18948042561086
SVK,2018,-1.1004987,6.5,,,,,47.4186728,1984441710.59372,1.87897854351513
SVK,2019,-0.5095816,5.9,,,,,47.9412971,419956309.184313,0.398878092431768
SVK,2020,-0.0921745,5.6,,,,,48.4887412,974293280.933855,0.926375890560276
SVN,1994,3.8615821,,,,23.4,31.6,,188714418.604651,
SVN,1995,-1.9160493,6.8,36675420747.795,18431.0451867231,23.4,32.5,67.5222487,-478588758.592802,-2.2414000441254
SVN,1996,-1.3649942,6.9,37965031527.4714,19091.0675739613,23.4,33.6,65.1782575,-268309135.977337,-1.24752979781079
SVN,1997,-1.3292612,6.9,39906707659.8815,20094.4571077514,23.3,34.9,63.0990226,-236221488.595438,-1.13769845924531
SVN,1998,-2.0531578,7.4,41217895026.271,20800.0059679542,23.3,35.4,61.740712,-374681188.690133,-1.69185073667085
SVN,1999,-4.6774152,7.4,43391872631.1127,21881.4361908644,23.3,36.1,60.5665686,-983310481.21292,-4.32959289377436
SVN,2000,-4.102747,6.7,45194993242.3199,22723.3270446698,23.3,36,61.7161795,-746134309.083082,-3.6774174590288
SVN,2001,-1.3075283,6.2,46527958795.7851,23356.7055188022,23.3,36.3,61.9035681,-217282329.713722,-1.040808121847
SVN,2002,0.0059266,6.3,48312913334.4512,24222.7057674997,23.3,36.8,60.9729965,232806982.543641,0.991094380709863
SVN,2003,-1.4765754,6.7,49686006435.3226,24896.119087735,23.4,37.6,60.3222558,-94071502.9503645,-0.317436854931873
SVN,2004,-3.2035183,6.3,51848239846.6964,25962.9085086601,23.5,38.8,60.4216661,-497969606.377678,-1.44696418574522
SVN,2005,-2.2633491,6.5,53923728705.9279,26955.4759051744,23.9,39.5,60.3658699,-231748538.738963,-0.640076242128111
SVN,2006,-2.0199408,6,56973654376.1001,28389.3382006689,23.8,39.6,59.8352216,-18936143.5202609,-0.0479626197885813
SVN,2007,-4.3490394,4.9,60928563587.6141,30190.723646843,23.5,39.6,58.9318056,-638818187.463531,-1.32900504586717
SVN,2008,-5.4037831,4.4,62939285575.3855,31137.7763671714,23.6,39.6,60.0194615,-1174165862.43281,-2.10501597096512
SVN,2009,-0.9475698,5.9,58031735404.3469,28451.5455225073,24.3,40.5,62.9936998,711339035.15625,1.40670535621269
SVN,2010,-0.7685002,7.3,58750026638.2386,28678.3726303687,24.7,41.1,63.9977219,510122516.166668,1.05816456641116
SVN,2011,-0.398956,8.2,59131529881.2443,28804.7015194266,24.9,41.6,62.785008,627458629.134243,1.21638533857041
SVN,2012,1.6905934,8.9,57552965172.269,27976.9163065514,25.5,42.5,62.9859319,1583061355.57148,3.39874701516597
SVN,2013,3.1874324,10.1,56901433963.2612,27622.6855482922,25.4,42.3,62.2974318,2264204851.85177,4.67659633218361
SVN,2014,5.7939079,9.7,58596639229.2688,28417.656441512,25.2,42.1,61.046928,3376677013.50587,6.75373406785492
SVN,2015,4.4661627,9,59920280117.7332,29037.7416756681,25,41.8,60.6320789,3449247017.29765,8.00149982082299
SVN,2016,5.4483436,8,61806783546.4195,29930.037038675,24.8,41.5,61.2448652,3822433098.67238,8.53855913588674
SVN,2017,7.1395913,6.6,64897622259.9443,31406.3100733958,,,61.0444519,4361635760.20707,8.97657243360873
SVN,2018,7.2750327,5.1,,,,,61.160876,4574295026.82039,8.44533178772861
SVN,2019,6.7414501,4.8,,,,,62.1034046,4686805416.43921,8.65061371430142
SVN,2020,6.0761543,4.6,,,,,62.1984842,4943701170.99145,9.22511137825305
SWE,1994,1.454828,10.6,263698820075.168,30031.485947396,23.6,47.2,49.0596162,7684033177.81234,3.35498123326824
SWE,1995,3.5171994,10,274310868939.408,31076.5565434866,23,48.2,47.2183279,15096378955.0418,5.64760461785435
SWE,1996,3.6291252,10.7,278474527293.759,31498.0873532331,23.7,47.6,48.78288,16101998210.5577,5.51922528436942
SWE,1997,4.183181,11,286551633225.089,32393.1296462866,24.3,47.6,48.8148422,16773238680.2709,6.2552600562017
SWE,1998,4.3920512,9.3,298663573854.931,33743.5827802602,24.4,47.4,46.4569009,15440445791.771,5.70159853778964
SWE,1999,4.6591653,7.9,312193489964.778,35244.7426961343,24.7,47.2,46.7059842,14592975406.6615,5.32450074939479
SWE,2000,4.7054781,6.7,326976748125.896,36854.4557022345,24.8,47,48.0433868,13245290432.4289,5.03938498873202
SWE,2001,5.0797851,5.8,332088736216.714,37330.2865814049,24.5,46.7,49.1059641,12733539224.1338,5.25320012413474
SWE,2002,5.4693956,6,338974852576.731,37980.55437087,24.2,46.5,48.8871763,14077702806.7905,5.27553018547255
SWE,2003,6.6909424,6.6,347061912023.21,38742.2460425169,23.8,46.3,48.3819073,18073655441.9203,5.40581627644531
SWE,2004,6.6797393,7.4,362056825391.527,40257.4723311152,23.7,46.3,47.7992218,26150036059.8185,6.79013523454576
SWE,2005,7.0279725,7.7,372260780134.645,41226.8466472879,23.8,46.7,47.6628317,24629270316.2008,6.27948353596023
SWE,2006,8.5678448,7.1,389712838846.198,42917.5292394198,24.3,47.2,46.893942,28683418720.013,6.77945252345861
SWE,2007,8.4532698,6.1,402982361847.081,44050.9738912859,24.8,47.5,47.4975557,29762235899.8639,6.05843848015136
SWE,2008,7.9602415,6.2,400737558160.363,43465.6546847086,25,47.3,48.3485277,29041738101.3791,5.60969541238589
SWE,2009,6.5343078,8.3,379960682164.282,40862.5121499811,25.2,47.4,49.9257762,23569076798.4531,5.39910157139706
SWE,2010,6.4725991,8.6,403154431810.122,42988.8052058718,25.3,47.4,48.1342078,25332693415.6424,5.10932870977319
SWE,2011,5.1401199,7.8,413955858644.724,43808.5011571571,25.4,47.4,48.8210538,27277249247.0726,4.75135498356315
SWE,2012,5.5418853,8,412720149154.013,43355.8077615201,25.5,47.4,50.299249,26368942065.2031,4.77279977002933
SWE,2013,5.0819316,8,417831066635.589,43522.3512150498,25.7,47.3,50.6020892,24870080542.26,4.23795299150777
SWE,2014,4.7326199,7.9,428702624313.336,44213.8779689315,25.7,47.1,50.2303923,20943667524.9261,3.59879080228315
SWE,2015,4.2938035,7.4,447808053040.217,45698.4950627754,25.9,46.9,49.1178682,19243042424.531,3.80972052379198
SWE,2016,3.8176061,6.9,459827070467.067,46339.1244222001,26.1,46.8,49.1330506,15790952066.254,3.06231145375876
SWE,2017,3.7278058,6.7,469505125036.346,46681.1714804268,,,49.1273171,13713172115.622,2.53469442999429
SWE,2018,3.394543,6.3,,,,,49.45494,12414008905.3594,2.23492462988054
SWE,2019,4.110812,6.4,,,,,49.5849576,22340685068.4567,4.18459293661561
SWE,2020,4.5584269,6.4,,,,,49.5881584,25099917851.4683,4.63536720735056
