year,location_code,coal_metal_export_share,oil_exports_share,primary_exports_share_1,primary_exports_share_2,exp_to_gdp,res_rents
1988,AUT,0.044767852974728,0.00327679875419497,0.0878798881791265,0.100750211682842,,
1989,AUT,0.0439346448874148,0.00356917884443529,0.0899647128372986,0.102110834202034,,
1990,AUT,0.0383185741276353,0.00387052539779017,0.0854323608560707,0.0971350439826145,,
1991,AUT,0.037178700289077,0.00348415121968123,0.0778939487081291,0.0900436105973578,,
1992,AUT,0.0342897693968654,0.00394753825569185,0.0754453114238779,0.087116593303002,,
1993,AUT,0.0349391327849638,0.00414184110662899,0.0755422050610798,0.088514578225474,,
1994,AUT,0.036666632257511,0.00522357975829217,0.080758273640223,0.0953928582148526,,
1995,AUT,0.0360278823586772,0.00458485441758378,0.0832298503509076,0.0943476779823398,,
1996,AUT,0.0354045094118721,0.00635622486036381,0.0828499792811273,0.0962085663941991,,
1997,AUT,0.0347667553139239,0.00731599037206753,0.0860218461206848,0.0995977503403372,,
1998,AUT,0.032632437902054,0.00603821543506043,0.0849236310479106,0.0964149401504296,,
1999,AUT,0.028608324133497,0.00680911058061863,0.0920583490421909,0.104482704817126,,
2000,AUT,0.0353629037799784,0.00657609604392497,0.0822958516871431,0.0940974851883297,,
2001,AUT,0.0368720316882473,0.00696869529218961,0.0836715237498584,0.101899980330338,,
2002,AUT,0.0391955560389823,0.00668778506686264,0.0852993048600265,0.106085588632696,,
2003,AUT,0.037887884332449,0.00734486094248145,0.0899379071613256,0.110722712956021,,
2004,AUT,0.0415948539560549,0.00861326049805031,0.0883469091139386,0.112730685415663,,
2005,AUT,0.0429527750696684,0.00864715593563269,0.0659420824795523,0.0982152057626273,94.0338056833054,0.164167152492918
2006,AUT,0.0526802979637239,0.00814663931981396,0.0671016875355761,0.103438194179855,98.0883112053436,0.202262416920394
2007,AUT,0.0316890828444419,0.00972475550694097,0.0701411089569962,0.086310202160066,100.733254061926,0.230296407635061
2008,AUT,0.0320434940410444,0.0127744923540918,0.071357693536765,0.0907186086882589,102.073682731706,0.259829789850987
2009,AUT,0.0303732402305968,0.0130537535180809,0.0738045628563171,0.0939793762975562,87.0622309742796,0.169947981348026
2010,AUT,0.0379429525640962,0.0133516773107269,0.0740866280605796,0.0948589225210882,99.0197962369563,0.215220189238034
2011,AUT,0.0402426778357485,0.0177633727884712,0.0755882392297357,0.0999441353799078,105.102788629725,0.255913557275351
2012,AUT,0.0392702935238128,0.0214829772494716,0.0727810516486323,0.101682172343312,,
2013,AUT,0.0313671206915113,0.0219816548390595,0.0727152068630588,0.0999496541659557,,
2014,AUT,0.0293828970036811,0.0177090195113606,0.0721051140648316,0.0942259626269042,,
2015,AUT,0.0304510058986005,0.0118439033579468,0.074322072393797,0.0909659424842363,,
2016,AUT,0.0280268043748258,0.00865667136839403,0.0759107881990795,0.0887083773368649,,
1962,AUT,0.0450874911320697,0.00679852005396369,0.248455444062026,0.255681740568639,,
1963,AUT,0.0561547191816431,0.00542102942221904,0.195398062435755,0.21767393985893,,
1964,AUT,0.0610775362882728,0.0044807390321882,0.184748217639829,0.211281731575053,,
1965,AUT,0.0655286118310748,0.00389311695030306,0.184879939789395,0.214819476127749,,
1966,AUT,0.0696830015955679,0.00274274034327642,0.169859481356219,0.200857400268783,,
1967,AUT,0.0632613141084414,0.00273660004245439,0.166237708227834,0.195305167609725,,
1968,AUT,0.0595623703117223,0.00343670613699931,0.154881627903486,0.182529503910715,,
1969,AUT,0.0578901941250529,0.00392164928799244,0.152223689043117,0.176318483652786,,
1970,AUT,0.0555382047596571,0.00352793529747762,0.150046573980802,0.175232245858289,,
1971,AUT,0.0458606594409646,0.00390719753290362,0.142423846628968,0.162310467396281,,
1972,AUT,0.0445806557868624,0.00358531678932846,0.13988583407727,0.1602543762363,,
1973,AUT,0.0458689741077507,0.00425095557601111,0.146484385625891,0.1698654169819,,
1974,AUT,0.0434531457216929,0.00635111653986014,0.132254611155361,0.152551087028468,,
1975,AUT,0.0430158734938304,0.00566736368600368,0.114911703562201,0.136394173733392,,
1976,AUT,0.0441812437518881,0.00620898859066178,0.129925221767136,0.149642270476999,,
1977,AUT,0.0464426693718627,0.00514206150704571,0.124181211936999,0.144487768963086,,
1978,AUT,0.0397545557977564,0.00532599712615924,0.116109435754232,0.132970594522737,,
1979,AUT,0.0400271493753923,0.00483027024406663,0.123793862522259,0.139333687948785,,
1980,AUT,0.0410034291631807,0.00579570522420609,0.130775320879805,0.147501943448455,,
1981,AUT,0.0408089326100121,0.00653313002885346,0.121261340685438,0.140222039356742,,
1982,AUT,0.0390379078657388,0.00536970013342781,0.11423630676575,0.132052731189895,,
1983,AUT,0.0437400398592113,0.00622064511913999,0.113064099310859,0.131880871523012,,
1984,AUT,0.0423521818860924,0.008556633128841,0.107238574751634,0.125316881817431,,
1985,AUT,0.041495186719176,0.0149006759670112,0.0978342499957469,0.123494044078621,,
1986,AUT,0.0356555281318315,0.00644409718976984,0.0927665470890207,0.107627440623021,,
1987,AUT,0.0396572831188425,0.00464883754514802,0.0879169839261379,0.103070164463469,,
1988,BEL,0.0549350086381381,0.0317916762912389,0.129134135659068,0.165702127751167,,
1989,BEL,0.0598002267602104,0.0323203509760182,0.124363631546266,0.160512480277052,,
1990,BEL,0.0485027623451386,0.0328916824483611,0.118528081495937,0.154759953627331,,
1991,BEL,0.0422266811788942,0.0368693487657594,0.127799549353113,0.167284101682557,,
1992,BEL,0.0399579375411425,0.032707074595397,0.133848554329549,0.168779979704128,,
1993,BEL,0.0386462478252693,0.0329025578695866,0.128530990500305,0.163859570713573,,
1994,BEL,0.0389661363624727,0.0289322030934413,0.129107870532637,0.160350086945618,,
1995,BEL,0.038785753297627,0.0246619987387048,0.123598898646621,0.150264020806599,,
1996,BEL,0.0337578511893248,0.0315391311758171,0.121317469605788,0.154587015099019,,
1997,BEL,0.0354106308271342,0.028415322551741,0.126756979285344,0.157055024724317,,
1998,BEL,0.032989364449006,0.0244392990850847,0.128590802639569,0.155170728398183,,
1999,BEL,0.0323397071268724,0.027837430786943,0.125121073729513,0.155641369152196,,
2000,BEL,0.0324732825141121,0.039758421145858,0.107434596119978,0.150071451774172,,
2001,BEL,0.0316022400489591,0.0359042760945821,0.106154877325085,0.145102346644457,,
2002,BEL,0.0214782104648546,0.0302705580714197,0.0845104067472695,0.117177997365184,,
2003,BEL,0.0198636890772827,0.0387940932266219,0.0873283917153695,0.12825724600062,,
2004,BEL,0.0251699945828308,0.0424118678933237,0.0888350118839178,0.13407283496657,,
2005,BEL,0.0255843449905595,0.0541546200947137,0.083835283263773,0.140527909320754,143.376220942029,0.0155990067054867
2006,BEL,0.0358329175754063,0.0647353564550463,0.0884465845868727,0.155847596760908,147.693901435153,0.0172978731832063
2007,BEL,0.036531442605909,0.0559928205738793,0.0871864813370925,0.14576031183278,151.163621858795,0.018811732279505
2008,BEL,0.0305866959572543,0.0697402067614981,0.0846609180602826,0.15795492796047,158.908045084263,0.0182284710114765
2009,BEL,0.0252303156901732,0.0564228314543456,0.0890602696258003,0.14884882036166,136.356757863313,0.0173730012065652
2010,BEL,0.0319492668937176,0.0657038810462422,0.0865569907144059,0.155575579364808,151.100176526737,0.0192009558245614
2011,BEL,0.0355338348403973,0.0806780507390537,0.0900210221477333,0.173695042967014,162.753665660528,0.0191369597834087
2012,BEL,0.0352132179439899,0.0842149193923069,0.0907994702910751,0.177607867570139,,
2013,BEL,0.027470950815142,0.0870347741742804,0.0843369401098572,0.173504984360717,,
2014,BEL,0.0249030739193583,0.0822978627730266,0.0902092334901081,0.17359258903381,,
2015,BEL,0.0243323249580065,0.0621914683478252,0.0917903609350448,0.154879607512711,,
2016,BEL,0.0227046617441713,0.0505689037514965,0.0884718695421609,0.14014371022939,,
1962,BEL,0.0977687573192922,0.0271596683093556,0.145584483440354,0.185812526126442,,
1963,BEL,0.0989892896404577,0.033644345640259,0.153293664687607,0.1999725955609,,
1964,BEL,0.10141560700789,0.0282923264473368,0.138553617239395,0.178721167842991,,
1965,BEL,0.10127620938282,0.0264739914335198,0.143835201897927,0.17758579455406,,
1966,BEL,0.099837968281455,0.0231357079507994,0.149273169172871,0.177407576061306,,
1967,BEL,0.0933502373079202,0.023821439328235,0.153449276940158,0.182983768684234,,
1968,BEL,0.0974079191846254,0.0275053938457384,0.151889992631088,0.183349988806676,,
1969,BEL,0.102237465335919,0.0306376553621911,0.143226450108562,0.177072017945709,,
1970,BEL,0.103504624051237,0.0240006361637782,0.144278164473315,0.171677705032999,,
1971,BEL,0.0759204581867387,0.0253824906037037,0.140389943128326,0.168659205969545,,
1972,BEL,0.0658006167364553,0.0275618981173022,0.140123214294424,0.170027877793314,,
1973,BEL,0.0757437646908022,0.0282473545512093,0.143126216068385,0.175886349206135,,
1974,BEL,0.0822998304905403,0.0342843950007418,0.135165204051914,0.174160935066842,,
1975,BEL,0.055939747977685,0.0481117612773891,0.135230354385144,0.187994249050439,,
1976,BEL,0.0611519408462063,0.0484545365525637,0.132533636425187,0.186399415753147,,
1977,BEL,0.059746944731595,0.0549668031088165,0.132392833114496,0.191675209438598,,
1978,BEL,0.0568669458751377,0.0433997326729834,0.123706110836992,0.169260310009829,,
1979,BEL,0.057394521389106,0.061725927576482,0.11985931009273,0.184420503156294,,
1980,BEL,0.0718913245306875,0.0790066945682594,0.119244954233391,0.20238145843242,,
1981,BEL,0.0593269082450616,0.0864438803148011,0.133586901182585,0.225673533503272,,
1982,BEL,0.0591658523334794,0.0813767608334911,0.13408126177076,0.220175487619856,,
1983,BEL,0.0566203994771029,0.081466784825833,0.127599955325719,0.213543146215747,,
1984,BEL,0.0560987569992118,0.0740328509973542,0.138158578111321,0.217294121829248,,
1985,BEL,0.0558402687153868,0.0603032942812043,0.131628958793588,0.197697870864892,,
1986,BEL,0.0464785628960317,0.0441218029478223,0.127461026719745,0.17586992056612,,
1987,BEL,0.0426397772126864,0.0342774219805048,0.127302419819499,0.165797182735111,,
1988,DEU,0.0318600551315034,0.00649625025133108,0.0609909256337156,0.0725286209611813,,
1989,DEU,0.0329252759723698,0.00715889526528678,0.0611596642828619,0.0732511998956106,,
1990,DEU,0.0279275270530647,0.00680060332107482,0.0548293230723537,0.0657333156746307,,
1991,DEU,0.0282646283327451,0.00696451926279158,0.062557117663974,0.0733920746594241,,
1992,DEU,0.0264657468931619,0.00775363653107536,0.0629364722306443,0.0738755543121497,,
1993,DEU,0.0250948280355898,0.00739841051363125,0.0633139201719017,0.0733337118184477,,
1994,DEU,0.0257601897287329,0.0069580279412286,0.064681784909039,0.0742647110717607,,
1995,DEU,0.0262474010712084,0.00624245246404259,0.0620651537898537,0.0702636891535393,,
1996,DEU,0.0244517307403777,0.00781638141742233,0.0610551356329075,0.071191672529495,,
1997,DEU,0.0270788444009571,0.0106262013131725,0.0573712123865405,0.070284456983432,,
1998,DEU,0.0245210318220274,0.00857578210141365,0.0560551234149726,0.0666533594260388,,
1999,DEU,0.0233065963996952,0.0094300001464554,0.0535090789574213,0.0645948981873629,,
2000,DEU,0.0245382494186978,0.0116023452377733,0.0498696846766305,0.0627307047692355,,
2001,DEU,0.0254440386705976,0.0135832562191485,0.0523164343943691,0.0677691928473832,,
2002,DEU,0.0238066808720824,0.0132199647402185,0.052064198519252,0.0670823469740467,,
2003,DEU,0.0215129285894156,0.0119844890250904,0.0500280325937809,0.0638698293170199,,
2004,DEU,0.0228611277659862,0.0149019787800281,0.0488593468528583,0.0655458048797954,,
2005,DEU,0.0250587268901248,0.0212015557482184,0.0528738772840758,0.0762127500511574,70.421190337526,0.146181071327983
2006,DEU,0.0334453470818363,0.0233471150841694,0.0529176779010243,0.0804362646415325,77.0821685991852,0.159591790561488
2007,DEU,0.0319581885693118,0.018075346542181,0.0535344106278941,0.0738854199533215,79.3705311491587,0.158586058629991
2008,DEU,0.0312910562016473,0.020552539942207,0.0572792977747111,0.0806618441538094,80.9449046351308,0.278214332740448
2009,DEU,0.0271726130414038,0.0155014230506537,0.060219837599082,0.0798793036134508,70.6650462548978,0.139511549112683
2010,DEU,0.0350683623946985,0.014706290931765,0.0601831943532667,0.0788309888101482,79.3030782229871,0.159439615679372
2011,DEU,0.0375263722531794,0.0165958271563013,0.0638258415751042,0.0842392109326537,84.7477359495694,0.201346887953871
2012,DEU,0.0357338585132729,0.0197936011274371,0.0632486910601349,0.0871359599701173,,
2013,DEU,0.0316719165736781,0.0207937764830195,0.0634817692648407,0.0880820783460451,,
2014,DEU,0.029660053836592,0.017465063408384,0.0616515651825029,0.0824779775641245,,
2015,DEU,0.0277006862836996,0.014368159628167,0.0584278980783341,0.0763208782920682,,
2016,DEU,0.0249714129002184,0.0116907964590525,0.0570609997841763,0.0713528127588584,,
1962,DEU,0.0818797401221728,0.0139348535610065,0.0504075618040837,0.105418737826537,,
1963,DEU,0.0790443505203503,0.0148022064566168,0.0508276893963982,0.10605698328996,,
1964,DEU,0.072743014024986,0.0136438253974329,0.0519309351465233,0.0992260602084756,,
1965,DEU,0.0699142643844856,0.0212260005061742,0.0578367548629789,0.107112962641543,,
1966,DEU,0.0702062760398075,0.0175602538472673,0.0619553396936092,0.104617647249035,,
1967,DEU,0.066688940775481,0.0112487081359234,0.063565678641336,0.0982242826680855,,
1968,DEU,0.0793157658630678,0.0114097584759992,0.0590870101838439,0.106928311240016,,
1969,DEU,0.0735136736730658,0.00954687706235515,0.0563358824285569,0.0988243734689882,,
1970,DEU,0.0730961950743792,0.00938221497106174,0.0574269432219182,0.102225329338979,,
1971,DEU,0.0659438471317929,0.00859807315527431,0.0584145470147497,0.101016496083459,,
1972,DEU,0.0511823517692452,0.00873465652432451,0.0601408344177159,0.0853524116306291,,
1973,DEU,0.0526455235139797,0.00896141209525277,0.0676776261448809,0.0920687197316364,,
1974,DEU,0.0644959371428652,0.0241226717192126,0.0725597291962199,0.114873377777029,,
1975,DEU,0.0536565982919874,0.0202993873899235,0.0712093504492754,0.109225528943136,,
1976,DEU,0.0531615172062827,0.0196596562923567,0.0701158461549997,0.105481626750253,,
1977,DEU,0.0482245232143593,0.0195709641236689,0.0756420954798766,0.108553706369376,,
1978,DEU,0.0467604426701881,0.0102804457105571,0.0691116557421296,0.0975952041488905,,
1979,DEU,0.0505379115612139,0.0126427327390792,0.0724300913211752,0.102857264893622,,
1980,DEU,0.0455709269130855,0.022639275407284,0.0638661091657751,0.0986449816618894,,
1981,DEU,0.0394922698676471,0.025534339412127,0.0684007421835754,0.10530059127168,,
1982,DEU,0.0361098659356107,0.0255946586981935,0.0624855211014982,0.097221786255925,,
1983,DEU,0.0376835745634131,0.0232739175693517,0.0630136897599972,0.0946904097848875,,
1984,DEU,0.0405676706552679,0.0223116794772714,0.063921293277379,0.0956065790140669,,
1985,DEU,0.0360028210219079,0.0193701336824799,0.0621979770515828,0.0896474797962794,,
1986,DEU,0.0313947969334357,0.0098179724321978,0.0601294444146909,0.076366005445692,,
1987,DEU,0.0289797238875053,0.00787276371280345,0.058267769843159,0.0714873410454658,,
1988,DNK,0.0101077518547607,0.0187511901279007,0.242522134290589,0.262531734161678,,
1989,DNK,0.011168857206017,0.0215715408231113,0.239018570711348,0.261867469668033,,
1990,DNK,0.0112092591633909,0.0227736156899869,0.225381298346587,0.250534816029754,,
1991,DNK,0.00898076809664314,0.0243968227926874,0.220179255734013,0.247035657669219,,
1992,DNK,0.00842100325575326,0.0242350779184355,0.218950876519266,0.245207018637732,,
1993,DNK,0.0078200964795495,0.0200733481976569,0.215661553969348,0.237742276137554,,
1994,DNK,0.009443927031688,0.0183456564684677,0.212565176782417,0.233531317266892,,
1995,DNK,0.0101821715143957,0.0192335892176902,0.208164227856316,0.229181945478963,,
1996,DNK,0.0144767198859596,0.0265318581955034,0.196491559303233,0.231214701475049,,
1997,DNK,0.0111754708180212,0.0251244081641718,0.20828912680847,0.237567405180086,,
1998,DNK,0.00949375397671021,0.0196703870830194,0.194382910942218,0.216737263958721,,
1999,DNK,0.00767627198939084,0.0246911444442836,0.169856550630553,0.196535144370153,,
2000,DNK,0.00785270811112616,0.0464444048409299,0.153616174416612,0.201540824011522,,
2001,DNK,0.0091245338733228,0.0394848129508633,0.154007156901127,0.1960615906125,,
2002,DNK,0.0103404205430351,0.0407922971619478,0.156592810704275,0.200936961646791,,
2003,DNK,0.0122527670725791,0.042514553758795,0.155233168136336,0.202596105020307,,
2004,DNK,0.0132747574535338,0.0505504961648839,0.151366629223876,0.205484235963826,,
2005,DNK,0.0121537698117539,0.0603994840124159,0.137415730187195,0.201873276320436,89.399766958557,1.85581789432141
2006,DNK,0.014235867682281,0.06050885836814,0.130464888431871,0.196409983440832,97.366697181173,1.95607576513351
2007,DNK,0.0134870361642875,0.0500961255925052,0.125615563495216,0.1788213878129,100.067861137709,1.63805861640888
2008,DNK,0.0147845177205346,0.0542066279199479,0.122427606942568,0.181645422496025,104.828223617379,1.94968639644572
2009,DNK,0.0119150998651226,0.0401293586347494,0.132260374186076,0.177314695556629,89.7550319572765,1.13406557231817
2010,DNK,0.014449274082011,0.0458758370517461,0.134487713717182,0.185548553472776,94.0999797893453,1.30583250474052
2011,DNK,0.0144496373015196,0.055865193262017,0.133438580527252,0.193586714091677,101.245740053085,1.69568351501188
2012,DNK,0.0126142361367292,0.0552204713187108,0.134551193881173,0.193388784807082,,
2013,DNK,0.0108641302660179,0.0516276482254313,0.137133314375366,0.191924207296146,,
2014,DNK,0.0107719846236839,0.0366337910632344,0.1309911401497,0.170080461695801,,
2015,DNK,0.00889573514757172,0.0281539504271201,0.128556754387756,0.15862084724369,,
2016,DNK,0.00912731341760509,0.020759318291514,0.132579565533859,0.155287416471277,,
1962,DNK,0.0107277869734077,0.00798626041335294,0.598175820628445,0.607546925260529,,
1963,DNK,0.0087520940316233,0.00547742331810912,0.582807309107592,0.589513108177376,,
1964,DNK,0.00968884087468227,0.00811122611662841,0.566845699971932,0.575911497725202,,
1965,DNK,0.010837774454443,0.00957736946900333,0.556049869941798,0.567534622389506,,
1966,DNK,0.0128902498056538,0.0104080253400059,0.541641078619646,0.555446548760747,,
1967,DNK,0.0127004652939633,0.0112878348257485,0.511956172837094,0.526213720069912,,
1968,DNK,0.0156571830096075,0.0107139462004917,0.481619855004846,0.497226646115521,,
1969,DNK,0.0186123096321065,0.0124724763614047,0.443612640429718,0.463751606282934,,
1970,DNK,0.0235380492979475,0.0139194593502788,0.429996285775689,0.455852751724312,,
1971,DNK,0.0166989977972599,0.0176960766244411,0.425200500553928,0.448802246445416,,
1972,DNK,0.0156734862780871,0.0165277673106345,0.416708396017322,0.438718784634772,,
1973,DNK,0.0139910506264356,0.0199407881958746,0.430430204037318,0.453125627347332,,
1974,DNK,0.0196040608388008,0.0350812782663343,0.397930697090376,0.435681894409704,,
1975,DNK,0.0175000634803157,0.0316762594923092,0.401234928386963,0.435724993907216,,
1976,DNK,0.0176820059449156,0.0343073220604618,0.391197580106551,0.429455301880789,,
1977,DNK,0.0195673214279539,0.0301112843341128,0.395878009805102,0.430769397628328,,
1978,DNK,0.0144634755067126,0.0235814991708735,0.400670727069039,0.425969512640991,,
1979,DNK,0.0177186226262412,0.0388601602645592,0.397283289570003,0.438524912197084,,
1980,DNK,0.0181014225428051,0.0232050679781213,0.286626120654069,0.313880128991142,,
1981,DNK,0.0130737245913046,0.0228548221065409,0.282540549936304,0.308219752232089,,
1982,DNK,0.0112746800787803,0.0220036736148315,0.288449364667979,0.313330670119702,,
1983,DNK,0.0132447065937672,0.0341061791150745,0.269763583576465,0.307708174538832,,
1984,DNK,0.0132272636246808,0.035978157416813,0.263819934042395,0.302145547404758,,
1985,DNK,0.0128414549234021,0.0377223091389683,0.264863833013794,0.305493375301301,,
1986,DNK,0.0106522606633861,0.0220186661783826,0.273794222262785,0.297728664147602,,
1987,DNK,0.00963895895410457,0.0216764964671671,0.265896605151232,0.288906130633686,,
1988,ESP,0.0208095381152727,0.0299617703800502,0.134200705694935,0.165995633146576,,
1989,ESP,0.0211605239338176,0.033340841338848,0.129781396708774,0.164627743480944,,
1990,ESP,0.0172852751986655,0.0302856904153419,0.120451766238079,0.151761535692528,,
1991,ESP,0.0173357653255105,0.0276134923372415,0.125683379020221,0.154119806682871,,
1992,ESP,0.0168834326132197,0.0182076895423928,0.116875953981219,0.13595658792325,,
1993,ESP,0.0175401902718315,0.0175745222567803,0.118037590453708,0.136363312262269,,
1994,ESP,0.0174955664013042,0.0141829200340622,0.12361715169882,0.138486336850427,,
1995,ESP,0.0182651642843365,0.0111626788168257,0.122814485020867,0.134541678984952,,
1996,ESP,0.0182654330419665,0.0173360484799793,0.122535857425343,0.140497359632541,,
1997,ESP,0.0192745069756676,0.0173558406798251,0.128580309749496,0.146979326347963,,
1998,ESP,0.0155397070912423,0.0141193355607469,0.120330068826709,0.135134220060981,,
1999,ESP,0.0157610603592386,0.0146254223612437,0.114422274986109,0.12982389505711,,
2000,ESP,0.0157070360006248,0.0179536677845659,0.108555844263783,0.127664743234003,,
2001,ESP,0.0148591762452116,0.0147327123384252,0.113839659221243,0.129552281627112,,
2002,ESP,0.0137101224903917,0.0132055250799324,0.116362915830921,0.130573011113984,,
2003,ESP,0.0144466090598761,0.0147104677513662,0.115999480697839,0.132526595678296,,
2004,ESP,0.0151150551069588,0.017374161811945,0.111775175207414,0.132066732048918,,
2005,ESP,0.018052849997404,0.0223437870794367,0.109324826050334,0.134577123647689,54.335103582121,0.0400858600503409
2006,ESP,0.0240517909378046,0.0240638069199722,0.107074390488486,0.133135823676867,55.6592729574374,0.0482405530183937
2007,ESP,0.0262066493389975,0.0221542492955274,0.108713984598092,0.133360443757629,57.406456471877,0.0552552499945266
2008,ESP,0.0277039674770974,0.0286824361552228,0.113607677718553,0.1470802491422,55.7579341082667,0.0708342407415903
2009,ESP,0.0251859261962041,0.0211485692671889,0.12228286638351,0.146406071228844,46.4972031004993,0.0405334179683714
2010,ESP,0.0344070078579289,0.0263600738517352,0.12541428988499,0.154277540862764,52.3435729252915,0.0652245820195403
2011,ESP,0.0403551076409206,0.0374565509428544,0.123699326109248,0.163812922386075,58.0860928451519,0.0768162279629347
2012,ESP,0.0362737447430869,0.043150167700599,0.1260695529111,0.172347228491954,,
2013,ESP,0.0311856097606236,0.0426174382837904,0.126632495045132,0.171531733097591,,
2014,ESP,0.0285051396888224,0.0452134284454637,0.126116786516488,0.17354740266321,,
2015,ESP,0.0288144407825943,0.031696124403855,0.129121640877983,0.163193578784878,,
2016,ESP,0.0267435781338271,0.0248331561703034,0.131652020255202,0.157578545940612,,
1962,ESP,0.0615167203273448,0.0510658173362046,0.667175797410561,0.727428076765418,,
1963,ESP,0.0586833064422993,0.0467668956561505,0.639970246315792,0.697944190317143,,
1964,ESP,0.0614276968096942,0.0355195903059039,0.63901345418904,0.692441609019104,,
1965,ESP,0.0619951336727605,0.0270909911514563,0.601072801559921,0.648391314952825,,
1966,ESP,0.0567732578732726,0.0222453015705627,0.556825395832107,0.600702242231898,,
1967,ESP,0.062228885863931,0.0487539415044549,0.540769115966132,0.605611955255644,,
1968,ESP,0.0625292777158412,0.0815266457528412,0.462061554933918,0.558947972566675,,
1969,ESP,0.0559261253447694,0.0506915225860984,0.431083603965651,0.501782190062809,,
1970,ESP,0.0520769187671304,0.0459995619143216,0.42005149704346,0.482827846424393,,
1971,ESP,0.0337048887824157,0.033173251629482,0.37907827915063,0.420896841993896,,
1972,ESP,0.0253111028566619,0.0342883782152896,0.329948035068186,0.370181227393646,,
1973,ESP,0.0266524241646038,0.0557831526310048,0.348702344850572,0.41096943389733,,
1974,ESP,0.0305630313406017,0.0675268497276452,0.294633697857734,0.364730301317936,,
1975,ESP,0.0305278026686736,0.0350925507299855,0.269132785068535,0.306383607214078,,
1976,ESP,0.0292265217857227,0.0416837328638345,0.279611215335144,0.322678840674451,,
1977,ESP,0.0309092710928883,0.0366925049691091,0.264385881071654,0.303555137289443,,
1978,ESP,0.0263809850930345,0.0270171373323674,0.228973041214459,0.257538949445893,,
1979,ESP,0.0285460976755726,0.0276789380538451,0.228841205596216,0.257940400239228,,
1980,ESP,0.0294817215886743,0.0278344133547757,0.141491785309174,0.169861662855806,,
1981,ESP,0.0288804365868785,0.0378671124493132,0.142481164865774,0.180663351155612,,
1982,ESP,0.0240737171824592,0.0493292121656759,0.124000938339761,0.173638202235998,,
1983,ESP,0.0286743988983372,0.0603871788976216,0.12499849144749,0.186139639534749,,
1984,ESP,0.0298813313659711,0.0609045319736813,0.125185781023077,0.186491970068409,,
1985,ESP,0.0252125054423676,0.0627651844748141,0.120116090976237,0.183725318911594,,
1986,ESP,0.0186577382573203,0.0427684423101317,0.121189885553216,0.164956365688085,,
1987,ESP,0.017394964276,0.0386093902367288,0.134848223268162,0.174850603642588,,
1988,FIN,0.0325381805009744,0.0179649604525946,0.123798003559808,0.142308905181634,,
1989,FIN,0.0371795693054549,0.0113797159876482,0.121794821240562,0.133646516457208,,
1990,FIN,0.0314359163443898,0.0170574929935595,0.109619370101447,0.127137994718405,,
1991,FIN,0.0304301287518099,0.0306221215280857,0.103236563695648,0.134646257837175,,
1992,FIN,0.0344211591754724,0.0292850027625127,0.100243946031116,0.130210796461225,,
1993,FIN,0.0320635455224008,0.0251683944843548,0.106174053880068,0.131822332167623,,
1994,FIN,0.0304516745073513,0.0199227835450101,0.116219513488276,0.136929696710251,,
1995,FIN,0.0291662449544212,0.0171818106943029,0.099459532784633,0.116954580786703,,
1996,FIN,0.0341869982103252,0.0228925110990109,0.091866123828131,0.118757435449886,,
1997,FIN,0.0350802714809066,0.0207805964443862,0.0975543316388972,0.119445576842519,,
1998,FIN,0.0289984043548674,0.0164599711706873,0.0844744469308541,0.101390973916198,,
1999,FIN,0.0290467077530894,0.0190909363947086,0.078234458224062,0.0977095514095867,,
2000,FIN,0.0290053680807415,0.0282422227678143,0.0728336090964617,0.101406834924255,,
2001,FIN,0.0279557365788816,0.0241481418422227,0.0683085091879098,0.0930622870774877,,
2002,FIN,0.0281886695228362,0.0289003396488558,0.0794329360947871,0.10905077070574,,
2003,FIN,0.0309513832182901,0.03086536717004,0.0790833635381189,0.114979020581218,,
2004,FIN,0.0358023069813436,0.0323083945947729,0.0757076243900751,0.111666761392208,,
2005,FIN,0.0340995628858255,0.0320092982828649,0.0611878807997795,0.0937672413356185,76.6277138703182,0.290806665054349
2006,FIN,0.0453023059684893,0.0394387813940186,0.0632213954480525,0.104644252757432,82.1827893450126,0.366216775112021
2007,FIN,0.0467667713226195,0.042416899487893,0.0690078153229495,0.113006408264217,83.1759422029756,0.433754923857568
2008,FIN,0.0396766099866532,0.0495336750614859,0.0575253091056052,0.10943406164746,86.5118656142398,0.618500615190847
2009,FIN,0.0331990157441205,0.0435413785876645,0.0560044558238908,0.101684213999307,70.5312408509134,0.34874852509423
2010,FIN,0.0474996510797902,0.0508029536613041,0.0711017737976425,0.125561694212555,76.089791555318,0.629973570634807
2011,FIN,0.0515322522513365,0.0585691141001162,0.0741253107363568,0.135491475674859,79.1699048605926,0.807652461356764
2012,FIN,0.0473205213531355,0.066740758776453,0.0747099776346006,0.142323536914229,,
2013,FIN,0.0417161653064958,0.0744187317451861,0.0811220477729595,0.156739517297052,,
2014,FIN,0.0440962080295711,0.0638220247048422,0.0783931880021983,0.14384436310936,,
2015,FIN,0.0412570912535978,0.0433808969381943,0.0772163467671318,0.12203612978971,,
2016,FIN,0.040400973363883,0.0475874490238995,0.0758607358021576,0.124410609808261,,
1962,FIN,0.0213592828390491,8.55824973995973e-05,0.525850123697135,0.526165794143282,,
1963,FIN,0.0281989803060195,0.000247410787490913,0.455523328457121,0.456047402190058,,
1964,FIN,0.036006817005594,0.000158571532507694,0.480539385055369,0.481088780668869,,
1965,FIN,0.0369227906894462,0.000623617651821844,0.437031417171991,0.43805142036059,,
1966,FIN,0.043740000303083,0.000406878503619657,0.41293927096115,0.413950851984747,,
1967,FIN,0.0375917875417845,0.00390164188607346,0.370211267675744,0.374496879667319,,
1968,FIN,0.0401848793914738,0.00200582651945127,0.356676018010107,0.359895359117057,,
1969,FIN,0.0420546568714087,0.00519828199560916,0.314797038635203,0.322162999573978,,
1970,FIN,0.0433504508822942,0.00379669779301349,0.306886982136995,0.315639233557188,,
1971,FIN,0.0355571786904418,0.00191492632464275,0.295159704936736,0.297616959624464,,
1972,FIN,0.0350091714496018,0.00149921601292744,0.259851899173163,0.26198771326529,,
1973,FIN,0.0436765494825703,0.00224114864159805,0.263951200537507,0.267188384393747,,
1974,FIN,0.0401259846356841,0.00689616969095505,0.242367994946465,0.251200072253827,,
1975,FIN,0.0371286618340751,0.00371941410996065,0.201705074565401,0.206157808535412,,
1976,FIN,0.0399939190573713,0.0178568917419647,0.217190696361739,0.235555209798143,,
1977,FIN,0.0403573695536541,0.0201569435503004,0.222570759082385,0.244011874143296,,
1978,FIN,0.0287816374063464,0.0249034806397671,0.204537439369521,0.230233511020982,,
1979,FIN,0.0373429609212149,0.0248148143918635,0.232097691588047,0.26038517115152,,
1980,FIN,0.0306456815117348,0.0336427356773674,0.201654129676753,0.237581994832778,,
1981,FIN,0.0270890770363005,0.0341555655685243,0.184491149363369,0.219487089833063,,
1982,FIN,0.0249758852122449,0.0310827289966942,0.149215845911395,0.18236599101448,,
1983,FIN,0.0272370593067949,0.0452379891750593,0.15029106372445,0.196193505280404,,
1984,FIN,0.0300842211943679,0.0471750164866965,0.150015824607503,0.197824843102356,,
1985,FIN,0.0298895584920937,0.0368342594901725,0.132458006200019,0.170843303283951,,
1986,FIN,0.0247491602445124,0.021207929410697,0.12474020608063,0.14663426881875,,
1987,FIN,0.0245433810684458,0.0192701681880977,0.12673885059264,0.146573233293584,,
1988,FRA,0.0304073662506699,0.00798345179151226,0.144957477998905,0.159614325292188,,
1989,FRA,0.0333754887296567,0.00821275800501176,0.142420023488194,0.157978823252135,,
1990,FRA,0.0284294155342393,0.00978344166159688,0.133460279875142,0.150056464479356,,
1991,FRA,0.026930642785331,0.0095545119096658,0.127051823976709,0.144495132090357,,
1992,FRA,0.0252108924408062,0.00817733965442153,0.126306971360161,0.142197130926556,,
1993,FRA,0.0264188728192531,0.00913075771991248,0.125291878995293,0.143793076176367,,
1994,FRA,0.0270591712679333,0.00890729123146793,0.126215831886078,0.144074409122375,,
1995,FRA,0.0294421653788143,0.00782725002847015,0.125489287769773,0.143777709187927,,
1996,FRA,0.0275981411941702,0.0101923897176165,0.119617400743559,0.139506815777688,,
1997,FRA,0.0256933612436773,0.0109464837364268,0.118174640900722,0.137677252547965,,
1998,FRA,0.0224709665887662,0.00872424834681691,0.109624675757086,0.126075833201935,,
1999,FRA,0.0207313748997754,0.00896453652821664,0.102852545515696,0.119351377110386,,
2000,FRA,0.0220862877863413,0.013721591113293,0.0940352319897648,0.114928700888151,,
2001,FRA,0.0215920927339369,0.0120819308881487,0.0902915164474541,0.10923033289784,,
2002,FRA,0.0199411417231465,0.0107417921747445,0.0923689609313343,0.109650003886521,,
2003,FRA,0.0193129956986985,0.0128639281792189,0.0969061249957292,0.115975518264842,,
2004,FRA,0.0226980184883373,0.0145223038740581,0.0948712120346296,0.116176056898563,,
2005,FRA,0.0237169882710911,0.0219625251864532,0.0923537890889954,0.122097421291289,53.9807067764121,0.0430576028312916
2006,FRA,0.0281484779594557,0.0245562220604362,0.0926769459350397,0.124117642931864,56.1034244496256,0.049204908546063
2007,FRA,0.0263530607890972,0.0229647547263687,0.0961047593035732,0.123720939852053,56.420756583014,0.0514929297824416
2008,FRA,0.0259308969452532,0.0290250303940362,0.0994831905274721,0.134710972419533,57.3970828857949,0.0549061703496859
2009,FRA,0.0186318458916108,0.0204370236267742,0.100094400958258,0.124442400145015,50.462450850073,0.0509689949804189
2010,FRA,0.0240835295861806,0.0210721127498978,0.101459357977501,0.127077828588676,54.8677910818934,0.0554301644894013
2011,FRA,0.0280504836260491,0.0248463778129978,0.108062209304513,0.1387798943419,58.7905764224005,0.0548032506316159
2012,FRA,0.0269245732022167,0.0250701122805057,0.104696694259478,0.134571085430638,,
2013,FRA,0.0232358317433299,0.0221771025051347,0.105272207393764,0.132130500325417,,
2014,FRA,0.0216583756508134,0.0206871483299489,0.100370871110412,0.125882188603259,,
2015,FRA,0.020686264988359,0.0153013058489972,0.0978222847069085,0.117967885853037,,
2016,FRA,0.01870225787033,0.0124385806228379,0.0968815909374654,0.112747609992691,,
1962,FRA,0.0554696619750945,0.032795817107303,0.21801887411897,0.256516021365191,,
1963,FRA,0.0514910670651513,0.0319238901190734,0.229244826714793,0.266452923437928,,
1964,FRA,0.0520914479395672,0.0307891114831177,0.232052688145305,0.266803177495955,,
1965,FRA,0.056806050067589,0.0286783828437936,0.222462509550719,0.255358719366224,,
1966,FRA,0.0542172195816607,0.0305081649105863,0.220653810179605,0.254607522763947,,
1967,FRA,0.0515431764256374,0.0276005163431653,0.216152016057588,0.247365438020129,,
1968,FRA,0.0520441130203759,0.0236674986634892,0.225533772813657,0.252561924893847,,
1969,FRA,0.0512460796130151,0.0200989844620227,0.227378636485466,0.252476903237854,,
1970,FRA,0.0516037371638095,0.0172212105062284,0.206558784435527,0.229150337038964,,
1971,FRA,0.0413582411577271,0.0185805944129001,0.217092262670247,0.240218655492081,,
1972,FRA,0.0409733625577246,0.0179021402979513,0.226818308544639,0.250251818935277,,
1973,FRA,0.0415120117199364,0.0180108830613439,0.234941175804099,0.257329503980928,,
1974,FRA,0.0490486015920181,0.0256964036927385,0.223617097753964,0.252472183447457,,
1975,FRA,0.0370308799007109,0.0250105207462826,0.194568939314487,0.222733734832195,,
1976,FRA,0.0380626906234538,0.0268508309558755,0.193517234214431,0.223957531897822,,
1977,FRA,0.0376850223923772,0.0284466829142344,0.182989229519747,0.214348722818513,,
1978,FRA,0.0336413161546974,0.0260345348251704,0.192892205595205,0.221031420926296,,
1979,FRA,0.0358955193154196,0.0366903080879901,0.186243704750898,0.225732399526287,,
1980,FRA,0.030990294905147,0.0275176794761655,0.14058427066939,0.170251643539507,,
1981,FRA,0.0265687783663926,0.0302933729920593,0.142659452683355,0.176060114296409,,
1982,FRA,0.0232025891405419,0.0251014255493305,0.137478081446324,0.165040862379904,,
1983,FRA,0.026352162830944,0.0242392795821707,0.145094800527642,0.173028350793812,,
1984,FRA,0.0302831544351038,0.0213830689761984,0.145155318545312,0.171996793847831,,
1985,FRA,0.0286815068845186,0.0226809807304849,0.143532249739684,0.171822476176081,,
1986,FRA,0.025909415993154,0.0133686880679419,0.140043118849776,0.159993708327917,,
1987,FRA,0.0253516866361277,0.0103221490361489,0.139515487498458,0.156279157714196,,
1988,GBR,0.0284145603445623,0.0547850055685616,0.0684420774653964,0.124144353900957,,
1989,GBR,0.0301628918319502,0.0502624475584362,0.0710002489790982,0.122205619521986,,
1990,GBR,0.0301130058081584,0.0589708446728006,0.0678200223719405,0.127869001873259,,
1991,GBR,0.0271183281188201,0.0565367941955897,0.0679506857217098,0.125251155272403,,
1992,GBR,0.0264764447862987,0.0484560696667964,0.0756302028875403,0.124617966757142,,
1993,GBR,0.0243100976423913,0.0466534352240925,0.0684834750551338,0.115914999573241,,
1994,GBR,0.0261728429480746,0.0475863264358227,0.0708834468000114,0.118950002917543,,
1995,GBR,0.0259798290003409,0.0492658610444918,0.0681023409462051,0.117828283194124,,
1996,GBR,0.0223957225930491,0.0532708650957308,0.0616614847528512,0.115359570918505,,
1997,GBR,0.0251382369228902,0.0440480511147498,0.0601511807741508,0.104667490847971,,
1998,GBR,0.0205376645713402,0.030088672886153,0.0550296818908038,0.0854641651092463,,
1999,GBR,0.0187274643361123,0.0409725574117622,0.0480921966815948,0.0894280961412642,,
2000,GBR,0.022389751314064,0.062627874487081,0.0451821555601482,0.10832987927677,,
2001,GBR,0.0236528266787754,0.0577533381081217,0.0425857514585374,0.101571339371972,,
2002,GBR,0.0180270704359016,0.0536907684744816,0.0447755531335719,0.09957239798858,,
2003,GBR,0.0172525107589958,0.0533279291354245,0.0474711443083481,0.101835950181502,,
2004,GBR,0.0212308820178223,0.0537042558330721,0.0462520047159685,0.100800787145228,,
2005,GBR,0.0223082621836745,0.0617381610082573,0.0422505396365061,0.105868738803541,51.9389982299302,0.912803613825384
2006,GBR,0.0219826431824803,0.0602996874457943,0.0407954297436909,0.101693457716292,55.8255064283689,0.964036039693142
2007,GBR,0.0270062536730188,0.0643873312602352,0.0440261393390619,0.109129331948616,52.2020871229008,0.868951914781397
2008,GBR,0.0306729557597224,0.0785168580125139,0.0465612461203388,0.126248087745894,56.4678940798122,1.23925845103441
2009,GBR,0.0221651460206551,0.0597512182613559,0.0475747817994106,0.109318317812764,54.4446812628143,0.827229731048932
2010,GBR,0.0294289221029804,0.0755630472382796,0.0515695395240539,0.128389070746687,59.0339627705195,0.878058031577623
2011,GBR,0.0322855080101184,0.0785158057116282,0.0520014826095806,0.131532116616116,62.560013014797,1.07004919780047
2012,GBR,0.0300736671877435,0.0799324765338971,0.0507344446035409,0.131484555048426,,
2013,GBR,0.0888840128155251,0.0704223895129071,0.0467765517161265,0.117856007089814,,
2014,GBR,0.0566240138034315,0.0636363977251464,0.0481927255025931,0.112336821518485,,
2015,GBR,0.0580867308316604,0.0413112108721438,0.0461858545804084,0.0879190791370024,,
2016,GBR,0.0363888108057606,0.0349226865633108,0.0481405684494535,0.0835015808673411,,
1962,GBR,0.0542646382794476,0.0297576986593959,0.111552633456845,0.14952085938362,,
1963,GBR,0.0540163320400587,0.0277661662521428,0.108515959389624,0.148029280958218,,
1964,GBR,0.052693670346101,0.0239509595319049,0.109922622187268,0.142695339994094,,
1965,GBR,0.0545367503012082,0.0229848141903663,0.106393227761999,0.135175684568209,,
1966,GBR,0.0554142951599047,0.0222143972922708,0.108689993637354,0.135577093649028,,
1967,GBR,0.0573637361766769,0.0226289321172537,0.108104050506923,0.134052030115596,,
1968,GBR,0.0602872177363457,0.0238767970005012,0.107092140470663,0.134758181537161,,
1969,GBR,0.0610797363570704,0.0211914755122834,0.101318242917469,0.126366041377776,,
1970,GBR,0.0604679480778477,0.0227495561043257,0.100422139091279,0.127285296734705,,
1971,GBR,0.0451433023851828,0.0240233954898107,0.0956391888887496,0.122495935074852,,
1972,GBR,0.0489312508007564,0.0233711600160743,0.101498144781537,0.126927965362726,,
1973,GBR,0.0548809936156582,0.0281041739787671,0.106697744692745,0.137275535109633,,
1974,GBR,0.0583927633708986,0.0444095097831632,0.101408455393595,0.150199963696541,,
1975,GBR,0.043547399419752,0.0377633097203128,0.102745043107785,0.145175871085996,,
1976,GBR,0.0427213158544781,0.0466103739928105,0.0979915913384242,0.147873303161231,,
1977,GBR,0.0397573856745723,0.0619489126556418,0.0972496741251106,0.1619494741169,,
1978,GBR,0.0366485936593581,0.0634224298206517,0.10494762580737,0.17088310543217,,
1979,GBR,0.0441282204161791,0.103216390010794,0.100749577641007,0.206569808374332,,
1980,GBR,0.0416803491382975,0.0971779460218908,0.0730284387203021,0.173014521453316,,
1981,GBR,0.0386390617612389,0.140873791367091,0.0740071529712987,0.220545042262104,,
1982,GBR,0.0322665204649506,0.153607137173096,0.0739483140885498,0.232233956494447,,
1983,GBR,0.0364141873420039,0.165478976946801,0.0732846117270085,0.24189444089014,,
1984,GBR,0.0327314234962721,0.172072159752096,0.0727503983637885,0.245852426305847,,
1985,GBR,0.0268346547589492,0.168036091865675,0.0690266086680958,0.238782923390011,,
1986,GBR,0.0309588755130123,0.0906738083510257,0.0775202934600731,0.170180278332517,,
1987,GBR,0.0261957854043522,0.0841668027538614,0.0754502925673296,0.160710878435273,,
1988,GRC,0.0384206041473304,0.0452469780611854,0.189233892600944,0.234588864161409,,
1989,GRC,0.0421746970269381,0.0488467881988631,0.225201414248627,0.274070109354736,,
1990,GRC,0.0348329778232444,0.0564545363280083,0.195258201136607,0.251713862063541,,
1991,GRC,0.0309341326852517,0.0464190335902188,0.199088213811312,0.24552212926764,,
1992,GRC,0.0280987167138583,0.033609360110579,0.192686689128216,0.226390684706648,,
1993,GRC,0.0281966754700744,0.0406574241939925,0.17816775901723,0.219136897571698,,
1994,GRC,0.0267449444977859,0.0556010038832944,0.179218610901284,0.234858839897976,,
1995,GRC,0.0352804793865389,0.0375039287221989,0.190365187075713,0.227910712037081,,
1996,GRC,0.0316118409612284,0.0507848939225802,0.201363891204573,0.252315236990895,,
1997,GRC,0.0351434255201079,0.0468692824840344,0.174800677922092,0.22194902121199,,
1998,GRC,0.0691138821484877,0.0742482387047064,0.316861131210762,0.39166188713174,,
1999,GRC,0.025275037025073,0.0387499763535745,0.130008052686602,0.169083010954155,,
2000,GRC,0.0257498854280109,0.038413773343335,0.0942845840124972,0.133079877373266,,
2001,GRC,0.0308918845694385,0.0316259494612565,0.100569164575241,0.132221347132447,,
2002,GRC,0.0269651417324248,0.024838646201788,0.10167826943654,0.126840588000082,,
2003,GRC,0.0268291047749178,0.0236743689119926,0.0980499662293523,0.122541439395557,,
2004,GRC,0.0267612138003738,0.0193263589373127,0.0782238421883452,0.0988124427128829,,
2005,GRC,0.0262395004857051,0.025432938654617,0.0889363716997801,0.115175055679846,50.9008641205698,0.177173210558881
2006,GRC,0.0342929601170776,0.0376816300064388,0.0960412828876993,0.134320285203814,52.8502386406672,0.246337127835742
2007,GRC,0.0357711546277501,0.0352418949378243,0.0824748650281228,0.11822998384956,57.5243742223839,0.366454068000583
2008,GRC,0.0294564554404356,0.0554524893586629,0.0801152500777072,0.135874166686127,59.3297157210787,0.410186306982103
2009,GRC,0.0251333704586378,0.056016182884051,0.0976608885349435,0.154929097300501,47.7438465419344,0.135333304982564
2010,GRC,0.0314891393763184,0.0785116331938906,0.0965228253690711,0.176688374598415,52.8290979327057,0.320277329807885
2011,GRC,0.0366182159102808,0.0851680008723348,0.0922101044803911,0.179889896232511,57.8446200446513,0.443985478685632
2012,GRC,0.0361405732248816,0.107434383675438,0.0957946341626039,0.207246569409183,,
2013,GRC,0.0339702205197484,0.114972255256389,0.0977880387962008,0.215245314817762,,
2014,GRC,0.0308120872847041,0.101245742238591,0.0865908680958305,0.188477266267238,,
2015,GRC,0.0382616110989268,0.0896146980176844,0.110485959456546,0.201286143882686,,
2016,GRC,0.0380181578214802,0.0849289657522055,0.123998384287539,0.210339858188521,,
1962,GRC,0.0488544532223982,0.00210007776159794,0.861049774772956,0.863149852534554,,
1963,GRC,0.0439316664734747,0.00228274954557603,0.868904397126666,0.871288124608484,,
1964,GRC,0.048939042593925,0.00158098557012099,0.84236262325297,0.844371642412803,,
1965,GRC,0.0508940144423237,0.00116795197082187,0.819209210851459,0.82072958003465,,
1966,GRC,0.0705121856469332,0.00697892176636407,0.773463035810914,0.780472792943826,,
1967,GRC,0.0985594941156997,0.0123771599605295,0.731596175902674,0.744131287619443,,
1968,GRC,0.109612212651145,0.0133842453162587,0.696854432833329,0.71094205941888,,
1969,GRC,0.10443250731404,0.0131297639450285,0.596895063073748,0.61028827547822,,
1970,GRC,0.0901936384038586,0.0113126011833625,0.540556102936668,0.55214209517108,,
1971,GRC,0.0943048101238233,0.00846009522063387,0.545834220916256,0.554465787321426,,
1972,GRC,0.0836426896117818,0.0204767035303454,0.526287700265572,0.546978549562969,,
1973,GRC,0.0673304503399667,0.138920008571394,0.422799113673603,0.56235958448404,,
1974,GRC,0.0714260271812503,0.104117427915724,0.39005627271436,0.496010253378152,,
1975,GRC,0.0568033053183527,0.119481759177477,0.370857462951226,0.491135067517652,,
1976,GRC,0.0648809095776622,0.0697167008300287,0.379787884761965,0.450449947299952,,
1977,GRC,0.0634952216825385,0.0794245603643486,0.373691083372599,0.453356303406204,,
1978,GRC,0.0627923615322052,0.0917772113620316,0.358960118829496,0.451356976330633,,
1979,GRC,0.0655869654474175,0.127119944548158,0.328094207318059,0.455584137801896,,
1980,GRC,0.0404933804588868,0.0911135065277886,0.178194865799218,0.269407507142139,,
1981,GRC,0.0378532225711272,0.102999567046422,0.167807447734852,0.270820857827432,,
1982,GRC,0.0337443775582068,0.104162817455272,0.183134903094916,0.287359253397861,,
1983,GRC,0.035895503022531,0.109103155638536,0.217756742338245,0.326877249369389,,
1984,GRC,0.0387087794337066,0.0881326502436264,0.22493900837854,0.313138238369225,,
1985,GRC,0.0391498067648439,0.0917700219803189,0.226648853861611,0.318672686724094,,
1986,GRC,0.0308818350148349,0.0555739755932659,0.229605304061044,0.285179510120868,,
1987,GRC,0.033654286127639,0.0567734396314709,0.214267967171066,0.271042561184442,,
1988,HUN,0.0430467273363038,0.0391387503735417,0.239421069972122,0.281072448242843,,
1989,HUN,0.0457329506128613,0.0364881567091947,0.238804586497589,0.27838295805903,,
1990,HUN,0.0281577691888291,0.0197849108933522,0.128719213688419,0.150393592872056,,
1991,HUN,0.0262335844563383,0.02584391484313,0.159499834382268,0.187356789959353,,
1992,HUN,0.0349318975846521,0.0250334131856311,0.22168104121452,0.248369687791838,,
1993,HUN,0.0332193606942575,0.0258815977591324,0.19085590533316,0.218003399810519,,
1994,HUN,0.0320163094286649,0.0246154416426521,0.181103501035064,0.20718232928549,,
1995,HUN,0.0349821156428796,0.0175936500878974,0.160462372552073,0.179919859271339,,
1996,HUN,0.0294002304254888,0.0174415208815621,0.134651015747921,0.158149529133406,,
1997,HUN,0.026526845686427,0.0125373952995562,0.113321111282686,0.130932570590382,,
1998,HUN,0.0232468865673302,0.00960798610924377,0.0982595049851224,0.112633829734314,,
1999,HUN,0.0197836850006207,0.00941851240456284,0.0804402648484356,0.0936554089570062,,
2000,HUN,0.0200441648564796,0.0109334248513251,0.0703277759425114,0.0835177245318206,,
2001,HUN,0.0188100098770506,0.011898939791083,0.0697772193063837,0.0844065701948391,,
2002,HUN,0.0165579506030659,0.0112973102562591,0.0683850225461483,0.0813305652872946,,
2003,HUN,0.0150923076419115,0.0111916211583661,0.0663268567034926,0.0782447276909243,,
2004,HUN,0.0157239965360955,0.014112557518397,0.0639916540325464,0.0789489205781506,,
2005,HUN,0.0172434404145796,0.01927241198668,0.0644835275059056,0.0860500829187996,127.353678299707,0.452444916898466
2006,HUN,0.020398438519498,0.016260774383609,0.062553615507195,0.082032613038743,149.052826370595,0.549955538364248
2007,HUN,0.0220927575615994,0.0165947292499823,0.068035004231058,0.0908751855646683,155.20008517063,0.459989981656951
2008,HUN,0.0226590972354589,0.0181035772020443,0.0745964279472065,0.100401209308638,158.207962673611,0.607690831745279
2009,HUN,0.0182399695399614,0.012270238559366,0.0766923925126628,0.0965248605018107,144.781390101437,0.478696386427146
2010,HUN,0.0198569503321311,0.0161568971039269,0.076581651939161,0.0981906226525951,158.352697867102,0.449203401363718
2011,HUN,0.0243081975949302,0.0205182477767299,0.0795628765731563,0.107692646266079,167.38804373993,0.614944445758261
2012,HUN,0.0238774146302463,0.0237262665448231,0.0916452639784673,0.121921441103037,,
2013,HUN,0.0202489403642806,0.0222713224205636,0.0876823075905953,0.114765660969757,,
2014,HUN,0.0179178378698705,0.0209835934074611,0.07871674506036,0.104613500991207,,
2015,HUN,0.0168333025117022,0.0132525851325196,0.0743630960755323,0.0933637195819843,,
2016,HUN,0.0152883620533377,0.00950259344397672,0.0713338758944394,0.085679653973403,,
1962,HUN,0.0224605569260778,0.0306128916491408,0.473912567880324,0.506161547967045,,
1963,HUN,0.0360918711865044,0.0383092295212738,0.486585452482493,0.535537762812943,,
1964,HUN,0.0179280899392096,0.0181970899150252,0.187639336713212,0.20793517641315,,
1965,HUN,0.0185163627323826,0.0142441021324514,0.196586339569742,0.212416156906662,,
1966,HUN,0.0342764571232275,0.018204868751969,0.327175424964415,0.348853379708053,,
1967,HUN,0.0217696354008134,0.0183568756730743,0.2065964798511,0.226666367927276,,
1968,HUN,0.0292332213207681,0.0184441495703421,0.218647542948721,0.239155409541024,,
1969,HUN,0.0382925873392712,0.0141033028720178,0.231781287632491,0.251324141966849,,
1970,HUN,0.0345910075347784,0.00897148111986063,0.237517521643817,0.248474319353155,,
1971,HUN,0.0293968122560001,0.00471444703181742,0.196224700976325,0.20281144224642,,
1972,HUN,0.0258621819756864,0.0061750151811393,0.202425602229732,0.209500198775939,,
1973,HUN,0.0377343053816499,0.00520534009373071,0.204127819917859,0.210200632691015,,
1974,HUN,0.036593206501076,0.0100130154513626,0.18574064390094,0.197060040613023,,
1975,HUN,0.0242355180760334,0.00587992230203961,0.156224927512323,0.163220514164147,,
1976,HUN,0.0303463434690547,0.0121963710733764,0.217305625779672,0.232896815531125,,
1977,HUN,0.0268576344712894,0.0206015739938534,0.209402001739716,0.232871962479827,,
1978,HUN,0.0282751649315749,0.0218903160851194,0.267003206812409,0.301221704492953,,
1979,HUN,0.039043766923838,0.0302937891985353,0.268680168399907,0.318878768542842,,
1980,HUN,0.0330675117481751,0.0324496598392261,0.263797356527166,0.305362968197031,,
1981,HUN,0.0366390741029055,0.0337086298884039,0.258774937621887,0.307716127845522,,
1982,HUN,0.026008573860389,0.0233868399852951,0.27202970438655,0.303468381134465,,
1983,HUN,0.0169950565778295,0.0353431813166415,0.254376834399058,0.28974209473871,,
1984,HUN,0.022101005010465,0.0420464925775068,0.223449509821132,0.265532678572278,,
1985,HUN,0.0202709911315521,0.0422056754750597,0.152167009180263,0.194388575064774,,
1986,HUN,0.0175653472367581,0.037488079919132,0.200762082148797,0.238268693665713,,
1987,HUN,0.0209881336641452,0.0350277873272692,0.158094861438085,0.193319701669503,,
1988,IRL,0.0256426077043164,0.00321462508132319,0.320478097941205,0.326023749941651,,
1989,IRL,0.0330320195424416,0.00321044423717748,0.303959229220459,0.309047080854124,,
1990,IRL,0.0258482523528745,0.00556318369078901,0.274441715957262,0.281828226324972,,
1991,IRL,0.0228058920548468,0.00488761086653479,0.271512240672231,0.278438039091801,,
1992,IRL,0.0183746728514349,0.00488435134338253,0.281278367550914,0.288036787349352,,
1993,IRL,0.01928677346253,0.0105596571519501,0.254548039594819,0.267099865651371,,
1994,IRL,0.0163473317739534,0.00368854079601617,0.242008542328856,0.246893707288816,,
1995,IRL,0.0146152274700353,0.00272423389518695,0.221157414322418,0.22521532017751,,
1996,IRL,0.0143742287488074,0.0030121581407658,0.18816661288008,0.192550050407783,,
1997,IRL,0.0128004921476446,0.00380850800478628,0.149850646147606,0.154537906193195,,
1998,IRL,0.0118463091880819,0.00215135449642553,0.134722448483899,0.137674004510033,,
1999,IRL,0.011074888063316,0.00211968651071577,0.11946881568727,0.122302647526936,,
2000,IRL,0.0119902507855111,0.0029834599434403,0.100320579061035,0.103847093140273,,
2001,IRL,0.0105245506974736,0.00234298731753397,0.0866117266612723,0.0896105711567035,,
2002,IRL,0.00706555865948366,0.00289335688145242,0.0804388980632949,0.0839404502353036,,
2003,IRL,0.00881027767790413,0.0024690325552582,0.0962331075554537,0.0993715219179659,,
2004,IRL,0.00816983629206158,0.00364613093587423,0.0937355975476611,0.0981684817943497,,
2005,IRL,0.00642936975831628,0.00374096490674647,0.0662076074543786,0.0704095391844939,148.277920031908,0.0434435290752032
2006,IRL,0.00950034973413762,0.00231760919845079,0.0726611124250292,0.0754651837844783,149.957458397069,0.384338520676661
2007,IRL,0.0088315886574165,0.00282470679746073,0.0682785314451263,0.0715311323355746,153.2939161693,0.3167246838442
2008,IRL,0.00717619644344816,0.00359020469393669,0.065715407438795,0.0698183075575569,159.635387747843,0.087300024853577
2009,IRL,0.00554163869375303,0.00261220415530745,0.0619773776221411,0.0653641055909416,173.001741948266,0.0612227561926482
2010,IRL,0.00745010494890843,0.00380965582952663,0.0647792666705498,0.0690056620232245,189.590170855381,0.132985238895544
2011,IRL,0.00793125234279179,0.00507480321392208,0.0653283317784532,0.0708625709731997,187.534730291933,0.118619782990268
2012,IRL,0.0074241830382894,0.00549486186319322,0.0649225544769811,0.0708503286350131,,
2013,IRL,0.00714309576865991,0.00274837839502616,0.0669028793872171,0.0701281299209305,,
2014,IRL,0.00694521222121593,0.00316537885689596,0.0667747801552167,0.0704628099585939,,
2015,IRL,0.00527993551154885,0.0022230677156181,0.0584167268039063,0.0612849853906929,,
2016,IRL,0.00437763508151194,0.00182569329777534,0.0536248079812851,0.056084152385823,,
1962,IRL,0.0160824884748085,0.0163758080591666,0.710633018267844,0.732097448556753,,
1963,IRL,0.0120545119122257,0.0109633121929753,0.684766305460464,0.700658772228416,,
1964,IRL,0.0177905120505384,0.00911356458434591,0.659254876112911,0.67203474379581,,
1965,IRL,0.0191877120818572,0.0120623108781086,0.615033385830675,0.630715196486237,,
1966,IRL,0.0357646842176007,0.00556486087272119,0.608309485536079,0.617378665622469,,
1967,IRL,0.0350947771768939,0.0240445974554979,0.575762656761262,0.602394706117226,,
1968,IRL,0.0390331648011801,0.0198340132053679,0.532277952578088,0.554901208973989,,
1969,IRL,0.0515997606854208,0.0472627375997911,0.497963494010597,0.548581250176784,,
1970,IRL,0.0559766096219155,0.0560027862353904,0.516225244186429,0.577339691318632,,
1971,IRL,0.0369543185619624,0.0506064313379575,0.50547979655632,0.561386696397862,,
1972,IRL,0.0411965284048158,0.0263699489622627,0.490408487812341,0.524671978383393,,
1973,IRL,0.0454644436313546,0.0376343056646633,0.488209121732142,0.529949743826734,,
1974,IRL,0.0409175792276653,0.117039382212867,0.417597015263945,0.538474988739977,,
1975,IRL,0.0293751749218635,0.0726477861263633,0.484666342521002,0.561721099010499,,
1976,IRL,0.0263637893018969,0.0358295509239175,0.460378025580296,0.500035958537535,,
1977,IRL,0.0296905185089846,0.0319503001045081,0.434918135131387,0.470347597964612,,
1978,IRL,0.0244641099187122,0.0459602583656908,0.435526232271988,0.484530489206712,,
1979,IRL,0.0320498603961527,0.00838511273154145,0.429463793971092,0.440859408467987,,
1980,IRL,0.0305771028476932,0.0060342666862046,0.415071972920812,0.423804555434304,,
1981,IRL,0.0207929313291233,0.00879962961357252,0.383508421338838,0.394636720972288,,
1982,IRL,0.0213905358701142,0.00547813858397282,0.35695949170345,0.364767307316659,,
1983,IRL,0.0211226717930637,0.0105929141935522,0.338803890909919,0.35145545340881,,
1984,IRL,0.0313815572318955,0.0102356257503577,0.328710942244303,0.341033176373349,,
1985,IRL,0.0241083470178757,0.0112022874455182,0.315070669938672,0.328209288116128,,
1986,IRL,0.0220749472251308,0.00642394213644037,0.319923144726506,0.32836724737002,,
1987,IRL,0.0212469600931925,0.00570416255938536,0.325402845197926,0.332983374339911,,
1988,ITA,0.012372291763542,0.0159484898749225,0.0687011678636324,0.0851164065552487,,
1989,ITA,0.0132988477321942,0.0165888495782309,0.0658502645044129,0.0828241182811916,,
1990,ITA,0.0110016274520729,0.0188700415155271,0.0592258521503558,0.0784041528834982,,
1991,ITA,0.0106364179097438,0.019072251178064,0.0645564660748854,0.0839368546480272,,
1992,ITA,0.00970560758270951,0.0172988421762943,0.0631486623572036,0.0807519655726461,,
1993,ITA,0.00961137706201021,0.0174014420608437,0.0609454805357014,0.0787043909671684,,
1994,ITA,0.0103009033908516,0.0130105945870274,0.0613041839118762,0.0745242929848019,,
1995,ITA,0.0112983061546095,0.0106788540224817,0.0612526532283746,0.0721479397957163,,
1996,ITA,0.0102912709925462,0.00989028661786748,0.0609743812866605,0.0709814345303611,,
1997,ITA,0.0105439746470584,0.0115101677240797,0.0587083629305423,0.0703629549571242,,
1998,ITA,0.0103796630069202,0.00868340561026063,0.0587019739345777,0.0674816647302582,,
1999,ITA,0.0106282804003018,0.00979614077505003,0.0616238963114558,0.0715476149430639,,
2000,ITA,0.0125528012029193,0.01537529291978,0.0575603690202218,0.0730504466873702,,
2001,ITA,0.0122051858441769,0.0150488465291487,0.0585286867283401,0.0737976627895515,,
2002,ITA,0.0115590858904798,0.013705493484695,0.0620565738856052,0.0759387852680032,,
2003,ITA,0.0111786494099782,0.0169666012627157,0.0624283829643172,0.0795785111575852,,
2004,ITA,0.0123905344286031,0.0182653610698032,0.0601665203891732,0.078790280780547,,
2005,ITA,0.0130478737645715,0.025436903992578,0.0599772282616703,0.0858351733346838,49.4138148269597,0.11700807561757
2006,ITA,0.0179619186426122,0.0263026720021929,0.0595283183127076,0.0863639025199085,53.292274830165,0.133054825891858
2007,ITA,0.0192938009785098,0.0286672453350251,0.0596601895239176,0.0887632610208997,55.2136471865318,0.119195015718549
2008,ITA,0.0197050621343623,0.0344159723098486,0.0646852781143556,0.100202770158782,54.7180076742909,0.140130328230833
2009,ITA,0.020590236417681,0.0257632496092386,0.0735899865891412,0.10070855360355,45.6091167384025,0.0889049873304183
2010,ITA,0.025542632788387,0.033710015278754,0.0730835555119701,0.107745910920027,52.3455973754055,0.101210561157852
2011,ITA,0.0315774152886255,0.035644100429374,0.0724349265301132,0.109018565272797,55.582987559596,0.151029348852291
2012,ITA,0.0345311550349695,0.0404967211424669,0.0731284401267614,0.114506246285345,,
2013,ITA,0.0277045181458093,0.0325079782198789,0.0759612132512521,0.10923773213797,,
2014,ITA,0.0248319016562649,0.0264774419974785,0.0762509688259502,0.103376808341493,,
2015,ITA,0.0240271116642324,0.0237703344857242,0.079177625978468,0.103731834153447,,
2016,ITA,0.023547762687038,0.0192747008405406,0.0812222776802493,0.101478143886831,,
1962,ITA,0.0167910402282882,0.0546254043907501,0.194704163604639,0.251431211748498,,
1963,ITA,0.0158643898879638,0.0547382013565009,0.17735015602603,0.234633182132069,,
1964,ITA,0.0230612694813283,0.050171692908278,0.160825363634904,0.213779689274442,,
1965,ITA,0.0267297644649814,0.0543830825340117,0.156203920160224,0.213210580296657,,
1966,ITA,0.0221444477955165,0.0581318867995034,0.138956745712698,0.199217173487213,,
1967,ITA,0.0186958811615402,0.0608496005559852,0.133448573927178,0.196243918164589,,
1968,ITA,0.0223717935270682,0.0589059417662202,0.116237152810243,0.176992993169347,,
1969,ITA,0.0199792717519796,0.0515822523188365,0.112625281145422,0.166001870965759,,
1970,ITA,0.0199706644363193,0.0506804570222869,0.108581098251854,0.161075969086163,,
1971,ITA,0.0180124945718137,0.0535323869221142,0.110966610815547,0.166227619621004,,
1972,ITA,0.0162791131734723,0.0434901894166429,0.111310934323614,0.156484435665359,,
1973,ITA,0.0179001257805922,0.0561998202708919,0.10709553051826,0.164986801416855,,
1974,ITA,0.0232410063593021,0.0798136799115767,0.101061913804148,0.183380388957301,,
1975,ITA,0.0207424589639016,0.0555288315067032,0.104752339763986,0.163647611564493,,
1976,ITA,0.02061381000688,0.0544212964632813,0.0984097919911093,0.156062100769788,,
1977,ITA,0.0191394419190136,0.0554532752144445,0.0950044808208694,0.151961158060179,,
1978,ITA,0.014625068079219,0.0573438431356513,0.0878035948472394,0.146114262040768,,
1979,ITA,0.0143636421130913,0.0691965197961629,0.0938117714342286,0.16400257969166,,
1980,ITA,0.0143402246056176,0.0450484314652428,0.0720382177221249,0.118310762486346,,
1981,ITA,0.0149867665008158,0.0525286110542385,0.0796307771455979,0.133496875661901,,
1982,ITA,0.0144993832528907,0.054762623978529,0.0745496959047929,0.130075673553148,,
1983,ITA,0.0163148743744674,0.0434556674041491,0.0703833309104218,0.114689427977484,,
1984,ITA,0.0132483866688415,0.0368837054095974,0.071979519638983,0.109853892494446,,
1985,ITA,0.0134385059741021,0.0391080748549486,0.0746824616314986,0.114430264268362,,
1986,ITA,0.0104684046460624,0.0229694699743196,0.0713200998109399,0.0946280409059919,,
1987,ITA,0.0104245864073073,0.0197609650803089,0.0663248419743108,0.0864722801063675,,
1988,NLD,0.0360864411161765,0.068989235004393,0.211947016171414,0.283512039474213,,
1989,NLD,0.0369754571948977,0.0742251555752371,0.207601437853364,0.284584961208451,,
1990,NLD,0.030141329332658,0.0800093373172463,0.199747364866591,0.282763587037174,,
1991,NLD,0.0275778697688721,0.0777991298964301,0.199290898753905,0.280583152031189,,
1992,NLD,0.0250181734754876,0.0647834562406862,0.204624562166968,0.271897623019096,,
1993,NLD,0.0219028307389803,0.0681241353792172,0.203568834758592,0.273166451657859,,
1994,NLD,0.0225616792350545,0.0574652098687679,0.200772573902247,0.259751867530424,,
1995,NLD,0.0246251394768987,0.0548349912271899,0.195363526479918,0.251827686878239,,
1996,NLD,0.0215420763145777,0.0740721618993452,0.182843985887462,0.258337271313358,,
1997,NLD,0.0230389570156502,0.0677426196767158,0.162666116206853,0.231541938632422,,
1998,NLD,0.0223096474446274,0.0514926762569037,0.165850641224078,0.218696838771933,,
1999,NLD,0.0189612075970889,0.058346077386208,0.164171268828424,0.223870230576028,,
2000,NLD,0.0163556942587359,0.070759142701356,0.127191323966477,0.199267714545577,,
2001,NLD,0.0173090948513449,0.0594417625312266,0.127693450483057,0.189224619953256,,
2002,NLD,0.0177715084139519,0.0558409650194386,0.140001979490763,0.19824221580614,,
2003,NLD,0.0199854778204608,0.0605621288036,0.152719749849605,0.216048213683896,,
2004,NLD,0.0219521440258251,0.0627580901248673,0.14120994320664,0.205943374148721,,
2005,NLD,0.0238736407181789,0.0915765276140575,0.135818432710555,0.229515516959369,124.553847168943,0.594304199053019
2006,NLD,0.0291564968340903,0.0893596270042387,0.132300546220318,0.223992126841883,129.825866867399,0.788659463078947
2007,NLD,0.0326773942512776,0.091101652179931,0.134218638629633,0.227797585766691,131.721888859901,0.687632452456018
2008,NLD,0.0246468843109063,0.103309462428962,0.124242558816878,0.230057711973806,134.658608211051,0.966280240250748
2009,NLD,0.0204735099420298,0.0902722039076242,0.14368807174303,0.236839968334174,118.98047090067,0.844109494291347
2010,NLD,0.0237915403546851,0.0948692202436772,0.128954842092152,0.226020823547186,135.545009437667,0.481055055347587
2011,NLD,0.0292729613913754,0.120459762987763,0.146525101200896,0.269889225127207,146.173216638229,0.775245057022884
2012,NLD,0.0233352378402252,0.131263568319262,0.130550198117905,0.264527802241285,,
2013,NLD,0.0215924185761045,0.152978606000775,0.137296363152878,0.29300005128361,,
2014,NLD,0.0222431102427079,0.130222953688144,0.139447060826124,0.272306069166464,,
2015,NLD,0.0225534452924544,0.097352561867081,0.14430984990211,0.244476451144813,,
2016,NLD,0.0208895585141697,0.0767864158141508,0.150844976071769,0.229980912412958,,
1962,NLD,0.0446188136450931,0.0983985449972993,0.3567297279221,0.477558574160412,,
1963,NLD,0.0438145552182304,0.0808390121317826,0.338757551623705,0.442491432330522,,
1964,NLD,0.051058383275612,0.0732124565144454,0.323344878334641,0.417160932458642,,
1965,NLD,0.0541099620469117,0.0694064235619911,0.32873524763158,0.417258740510979,,
1966,NLD,0.0555250032713454,0.0555311601355145,0.319465351506444,0.390465301272312,,
1967,NLD,0.0544300510331627,0.0665569124248566,0.330135069339569,0.412072809820879,,
1968,NLD,0.0506788729676496,0.0688921570131221,0.316194285801812,0.397037023122251,,
1969,NLD,0.0506016605998572,0.0726924011000855,0.291955822577414,0.37322816099723,,
1970,NLD,0.0485579541545362,0.0934702773114229,0.292637331495513,0.394064050170098,,
1971,NLD,0.0402884921043929,0.106978822271766,0.277002751198605,0.390896902086061,,
1972,NLD,0.0401273453178399,0.108013578682548,0.272077019745108,0.386995079045642,,
1973,NLD,0.0422493045336725,0.120186062463486,0.277672839134413,0.402999112427982,,
1974,NLD,0.0481569138077472,0.158505658560634,0.247857047567375,0.410836542525575,,
1975,NLD,0.0365813801872895,0.190651347256797,0.250003606503216,0.444241828574823,,
1976,NLD,0.0369143516005624,0.181261809238408,0.249435929191748,0.433779260537592,,
1977,NLD,0.0381078904764908,0.182220737156604,0.251289415791015,0.436861286655846,,
1978,NLD,0.0360176908813396,0.156670578036045,0.276341437802453,0.435230872365608,,
1979,NLD,0.0398181198619393,0.2021489113346,0.243583055365712,0.447884759082873,,
1980,NLD,0.0368392501872533,0.178756842424813,0.192781382325227,0.373729085475281,,
1981,NLD,0.0312949414702856,0.192403944147804,0.202667042997934,0.397288852545127,,
1982,NLD,0.0258676358898768,0.19448096567681,0.203016627453853,0.399433537423369,,
1983,NLD,0.0308331015674367,0.190717206606807,0.203777470698559,0.397673304171683,,
1984,NLD,0.0354912252470647,0.187495648328943,0.20116584440615,0.39390111977164,,
1985,NLD,0.0335684692644907,0.183017789192303,0.196539793606239,0.384310060986443,,
1986,NLD,0.0314669364822081,0.11960452492827,0.202904427606601,0.326753147422088,,
1987,NLD,0.0295518772895113,0.0914909697050261,0.21034367038767,0.304861046879413,,
1988,POL,0.152474479017095,0.00826704033925109,0.164258061421916,0.257476040568244,,
1989,POL,0.140362903335684,0.012333786151296,0.162134751070057,0.246292862854082,,
1990,POL,0.111460291872226,0.0106291707917153,0.162055465259399,0.231721854108929,,
1991,POL,0.132871671087478,0.00945873301896566,0.170298415194477,0.253344250208491,,
1992,POL,0.14679048772842,0.00876806484722438,0.168840201417568,0.245557247646889,,
1993,POL,0.130395330249004,0.00777378798285114,0.136031470953769,0.206401913707888,,
1994,POL,0.117378648373968,0.00600088710113589,0.121553204319852,0.186248935375749,,
1995,POL,0.105389947911717,0.00513128502282062,0.102903728763814,0.158944350300202,,
1996,POL,0.086958606375553,0.00545478897024043,0.102809975249676,0.154346816824562,,
1997,POL,0.0882931632355678,0.00583003403814891,0.116974428560031,0.1667935016061,,
1998,POL,0.0717141348244772,0.00580878507614179,0.0966908906125362,0.137633547099129,,
1999,POL,0.0714202358981858,0.00710340948235604,0.0925135864416424,0.132132138536755,,
2000,POL,0.0667974054166792,0.011015120971248,0.0808125529913205,0.12028306995521,,
2001,POL,0.0653124092807108,0.0118199917878313,0.0826655937769283,0.12663862285366,,
2002,POL,0.0636872733693103,0.0131791834871094,0.0820075133480932,0.125106096479763,,
2003,POL,0.0607113460750517,0.00888604674941898,0.0894884842962435,0.126276108184115,,
2004,POL,0.0696208092736329,0.00978499700092976,0.0896869142986489,0.134797403577827,,
2005,POL,0.0657945543389796,0.0144690012235639,0.0965986207996093,0.142585017531964,70.2749609275615,1.37056938826872
2006,POL,0.0690846446948444,0.014406528546152,0.0969304620783058,0.13671083157715,77.7913937245753,1.8017509204966
2007,POL,0.0568685850010628,0.0117661591690544,0.0948026901813148,0.125795233463771,80.6620046227492,1.50488871807368
2008,POL,0.055718784299096,0.0125352176432971,0.095812027848605,0.131131751157327,80.7544540767253,2.24270665851159
2009,POL,0.0472474702125483,0.00899306385933387,0.106568514371867,0.132163655609696,75.2259132726234,1.21409674723325
2010,POL,0.0617730329027368,0.012522767155212,0.107436453576892,0.141322602156443,82.1083264489399,1.59392633569584
2011,POL,0.0673764937366757,0.0181945433133436,0.11005202291669,0.149389298525622,87.082722756353,1.95099668116386
2012,POL,0.0589425484341209,0.0233573223627227,0.119662351544711,0.159566145648001,,
2013,POL,0.0513803046775528,0.0222760804594197,0.125203208584317,0.162381518290902,,
2014,POL,0.0451676537306737,0.020129185636785,0.123191493323737,0.154315865851162,,
2015,POL,0.0412679165657988,0.0162069200057849,0.122117001812824,0.148611602130168,,
2016,POL,0.0350828314815512,0.0108854206548357,0.117268009827556,0.136615623183208,,
1962,POL,0.136326320320525,0.0230718385808769,0.54946080335157,0.681772816110508,,
1963,POL,0.183076472536215,0.0209046024046669,0.493653263435302,0.671043034087401,,
1964,POL,0.157964017350478,0.0188389960985877,0.410745590057062,0.562693596669964,,
1965,POL,0.146469073317797,0.0214303771431503,0.429771532999426,0.575483263912252,,
1966,POL,0.159413849636941,0.00915047132576882,0.463643415894137,0.595212537739499,,
1967,POL,0.152140077877201,0.0105306120687351,0.396337267415979,0.527455248387618,,
1968,POL,0.170977003396488,0.0171692407587298,0.351688737095465,0.507355498537934,,
1969,POL,0.181703461444398,0.0178095514579624,0.343194149622894,0.504034794173156,,
1970,POL,0.189952784255327,0.0154936005283305,0.32205444618083,0.480895385435267,,
1971,POL,0.210026660444449,0.0108074538388692,0.273162792451566,0.447904043768304,,
1972,POL,0.210046419084351,0.0169107410241474,0.285183702075458,0.452804224262312,,
1973,POL,0.202641876528866,0.0125763125723604,0.309958969899814,0.460774323350627,,
1974,POL,0.281116411011688,0.0191182319704604,0.255876060932444,0.490656869208424,,
1975,POL,0.295440374068969,0.019404500530183,0.203482101313937,0.471345629090428,,
1976,POL,0.267943180815767,0.0452463269146455,0.23546630742417,0.498974140681655,,
1977,POL,0.244076533795711,0.0339909866507084,0.237105204909231,0.461559493229896,,
1978,POL,0.263836474324241,0.0365310848171402,0.240352811203001,0.480077573887159,,
1979,POL,0.27016506904564,0.0435253998367884,0.239539354712783,0.479360684118827,,
1980,POL,0.179169867227391,0.0260220573644372,0.121805245611914,0.269350746195488,,
1981,POL,0.141206884114355,0.0241760972677249,0.118560290076235,0.232488115902191,,
1982,POL,0.201688849875512,0.0150328395714466,0.11458417678422,0.283004285004511,,
1983,POL,0.220163310731671,0.0209341324888088,0.125124297736371,0.311504444525557,,
1984,POL,0.228246234424923,0.011047170845949,0.131622962192246,0.318334465351967,,
1985,POL,0.194219256012457,0.0152371945120102,0.152135931432505,0.319201094296959,,
1986,POL,0.152023087316071,0.0115781376519437,0.160820574643205,0.281547300570048,,
1987,POL,0.14129087032246,0.00983719497784095,0.160649321530011,0.260758336700177,,
1988,PRT,0.00993559978739503,0.0207086136186634,0.13812089301467,0.15888635038371,,
1989,PRT,0.0190276191392723,0.0273307827158121,0.13791078875799,0.165241571473802,,
1990,PRT,0.0192065285236054,0.0257562916418285,0.120918521574723,0.14673047907898,,
1991,PRT,0.0161122252610966,0.0193862214460956,0.115810210505688,0.13533536937579,,
1992,PRT,0.0145402560149136,0.0225566706303352,0.108877097248515,0.131604677004072,,
1993,PRT,0.0162534374204687,0.0216834600494393,0.0923817393402493,0.114158246498999,,
1994,PRT,0.0136537366112947,0.0301548017889943,0.0973692625838222,0.127608058017219,,
1995,PRT,0.0123653921828939,0.0216071202034227,0.100694298476089,0.122377381208309,,
1996,PRT,0.00951559900875866,0.0157580686819919,0.0889001843922907,0.104848382665942,,
1997,PRT,0.00973412465397346,0.0181727128699983,0.0892185893180841,0.108009083756762,,
1998,PRT,0.00870164780547316,0.0100646639128442,0.0826071857070291,0.0928750836561762,,
1999,PRT,0.0107105705727451,0.0104806458144484,0.0810561593563527,0.0928900303227644,,
2000,PRT,0.0120128234908253,0.0129190974528309,0.0817174246052053,0.0956291932567303,,
2001,PRT,0.0121122543098547,0.0108424457030016,0.0792748973878742,0.0906711178530942,,
2002,PRT,0.01048656034618,0.00998954856626978,0.0815921596672851,0.0920694407291332,,
2003,PRT,0.0106222901564374,0.0129525572789404,0.0807344328253709,0.0947378759180732,,
2004,PRT,0.0144462523138345,0.0157933407382287,0.0749713863122608,0.0926926485251261,,
2005,PRT,0.0213573131312152,0.0214681676128387,0.0929209178666424,0.118276486835505,62.5718057280122,0.150145034655981
2006,PRT,0.0256465327562687,0.0243985110202031,0.0967270040763776,0.122696278071675,68.0730362336936,0.271586085331112
2007,PRT,0.0246425631034603,0.0226076491375397,0.100948824444218,0.124933090162366,69.6530798312034,0.305150347956999
2008,PRT,0.0218005827010558,0.0305900863865014,0.103894741232554,0.136181436894154,71.963328063325,0.264769519196803
2009,PRT,0.0206979306406,0.0224023412564606,0.111491099849925,0.135227503916834,61.0822773378283,0.20231684356944
2010,PRT,0.027627068453929,0.0280169317440876,0.114260834469692,0.143839393110722,67.3048494042777,0.259252566917591
2011,PRT,0.0296182397055736,0.0307429916240727,0.111447891839673,0.143442604389107,72.8638805710354,0.318172185228651
2012,PRT,0.0283632609438819,0.036106387829996,0.110691777194803,0.147644426365044,,
2013,PRT,0.0209235897239429,0.0499077444732682,0.105481212964272,0.15704786591598,,
2014,PRT,0.0186154727979729,0.0400031233952508,0.108258090626523,0.150325624891541,,
2015,PRT,0.0178952720733562,0.0379163221023508,0.106444550438702,0.146840851068909,,
2016,PRT,0.0166546716095727,0.0286311940133969,0.102981610803258,0.132881289447769,,
1962,PRT,0.0266314657169229,0.0170290721634941,0.4374492561603,0.454630048669384,,
1963,PRT,0.0133840782301068,0.0193332013654327,0.399179650501719,0.418615179233259,,
1964,PRT,0.0162337896559981,0.0169571567559708,0.362437088934269,0.379568700038679,,
1965,PRT,0.0173419594231225,0.0139412594417465,0.379537478857217,0.393536514655462,,
1966,PRT,0.016938446524655,0.0143654611701788,0.365960640610815,0.380627648362993,,
1967,PRT,0.0184891861904662,0.0125341453920881,0.34159905421516,0.355848693368685,,
1968,PRT,0.0157061925139661,0.0109697113739955,0.355158814812603,0.366395214287378,,
1969,PRT,0.015004275806069,0.0105733832174718,0.339286767893204,0.350196320936205,,
1970,PRT,0.0180670360070634,0.020089366235857,0.336332768493145,0.356849856683595,,
1971,PRT,0.0138077558785464,0.0190413651048096,0.304901804000808,0.324165788158889,,
1972,PRT,0.0113645549792362,0.016710834007771,0.302841191286566,0.320329304121042,,
1973,PRT,0.0129408739399704,0.0132614741374261,0.297848121369501,0.311769269351974,,
1974,PRT,0.0212836546798328,0.030265535753766,0.278909182232299,0.309677390517187,,
1975,PRT,0.0202130337305107,0.0222908696986652,0.274416483473448,0.29788455136466,,
1976,PRT,0.0170015648114989,0.0226184202716045,0.290273177286593,0.312946566539555,,
1977,PRT,0.0156299034761106,0.0167115917827256,0.271943406126019,0.288779582670551,,
1978,PRT,0.0147533186344019,0.00279674270643328,0.255664804333326,0.260743070561025,,
1979,PRT,0.0170702227314824,0.0293182131378119,0.230093127188658,0.261320343243073,,
1980,PRT,0.0085953521101789,0.0397441770472737,0.157866085807722,0.197614914073403,,
1981,PRT,0.00931895928478126,0.048467567888277,0.153686016721566,0.202609895150159,,
1982,PRT,0.00808279530767463,0.0329572558145823,0.153355475409053,0.18632005884466,,
1983,PRT,0.0075361442730605,0.044510358101152,0.15558305874453,0.200094441138159,,
1984,PRT,0.00751231644035393,0.0308771706951232,0.153980025711944,0.184859634360695,,
1985,PRT,0.00786392050807603,0.0359107197341662,0.140217896361626,0.176522333032272,,
1986,PRT,0.0048639077091943,0.0241472640475189,0.134826055288767,0.158975724866539,,
1987,PRT,0.00578779942903907,0.0144386267939148,0.131432497246225,0.145900223636676,,
1988,SWE,0.033953066952205,0.0164447777227257,0.0952022314483004,0.113839984028977,,
1989,SWE,0.0351948643712771,0.0203723592461758,0.096632120777605,0.119978975272172,,
1990,SWE,0.0340148827663196,0.0223045025411321,0.0911492486856173,0.116561799665688,,
1991,SWE,0.0307358821583419,0.0234415945409715,0.0800100396956098,0.105797785533786,,
1992,SWE,0.0308873536889369,0.0232399815342708,0.0797075264732217,0.105626452946551,,
1993,SWE,0.0329914788743527,0.0249417333846138,0.0816000643065865,0.108720356458545,,
1994,SWE,0.0298449462995119,0.0187496911850947,0.0833549134971581,0.104099343704359,,
1995,SWE,0.0274656994146069,0.017352185651109,0.0831906034909277,0.102166674780069,,
1996,SWE,0.0292678693934063,0.0183586227713086,0.0741397345642058,0.097264554628452,,
1997,SWE,0.0281093171370563,0.019013455024307,0.0781333066389874,0.100095351018663,,
1998,SWE,0.0262677293484194,0.0127828619588696,0.069482180242997,0.0856771815974941,,
1999,SWE,0.0231136555265071,0.016229332164887,0.0487936671234578,0.066819868939404,,
2000,SWE,0.0214887995598541,0.0274920499872857,0.065934818300664,0.0939941148845854,,
2001,SWE,0.0236501018739998,0.0230798811658227,0.0677070344052035,0.093374790960901,,
2002,SWE,0.0246148989382495,0.0211192676289461,0.0717146009828469,0.0954211482774371,,
2003,SWE,0.0233371195326237,0.0224829724940919,0.070325791988068,0.0957095786279,,
2004,SWE,0.0269349870682559,0.0267315962317766,0.0680510153538263,0.098530371487334,,
2005,SWE,0.031213860305278,0.0329766336689504,0.0703766898019949,0.107803880222426,84.5739697153974,0.501053363616841
2006,SWE,0.0376191124837996,0.0385659082261692,0.072295086943144,0.114436625284578,88.7894830757892,0.576783572489894
2007,SWE,0.0349321783540213,0.033811852217941,0.0741641336211146,0.110608443154903,89.5397799186122,0.833422843441004
2008,SWE,0.0375277225099982,0.0468698015055759,0.0742454910047984,0.125589190207815,93.3591313493716,0.929685991614536
2009,SWE,0.0347248133634376,0.0399680416135825,0.0799594173691496,0.122984907127706,83.1433029375927,0.503849125317196
2010,SWE,0.0439692366410017,0.0445961417407558,0.0838019029011354,0.132522740031336,86.9028469934892,1.01349164635477
2011,SWE,0.0467355266262377,0.0448414358295689,0.0798719691934433,0.130095104442799,88.6615268870312,1.05825687632872
2012,SWE,0.0479358486413302,0.0558564529524044,0.080090216910777,0.14185228388852,,
2013,SWE,0.0405546583332213,0.044935221595532,0.079711576314163,0.129473403319943,,
2014,SWE,0.0402702755655769,0.0457917292791893,0.0840199918275061,0.135531499124679,,
2015,SWE,0.0346926551407803,0.0348303174275609,0.0786246929307218,0.117926807569798,,
2016,SWE,0.0346577846606493,0.0329230634009936,0.0824237059734518,0.119701967073409,,
1962,SWE,0.15305327083826,0.00324976880716838,0.357875357183155,0.362415369483851,,
1963,SWE,0.183516077716295,0.00352189325305179,0.38074421745499,0.385308852101751,,
1964,SWE,0.182316054748883,0.00387141861996713,0.381619976848811,0.386804266149708,,
1965,SWE,0.183982891691125,0.0038485081976248,0.370282379301854,0.376104143143903,,
1966,SWE,0.126492247965369,0.00405949585793124,0.317531383546255,0.323875646000528,,
1967,SWE,0.141200220261641,0.00579675470711902,0.316806167735159,0.324496323799089,,
1968,SWE,0.154825192989371,0.010105060502053,0.314423498760973,0.326410648370914,,
1969,SWE,0.154026653269768,0.00789746583628991,0.298840093566263,0.308716166935437,,
1970,SWE,0.13063525652056,0.00715839356037333,0.269374146338043,0.278881178704957,,
1971,SWE,0.0997491915350858,0.00702246565487716,0.241157968956236,0.251234817522977,,
1972,SWE,0.126318129426236,0.00684062352492576,0.261384314891736,0.27172656535439,,
1973,SWE,0.119057867192247,0.00539557074670706,0.263690232927065,0.272839972437553,,
1974,SWE,0.112900921123,0.0111970661049572,0.260511334736119,0.275565599298329,,
1975,SWE,0.101361017093,0.0125319287557873,0.225634268243025,0.241487981974096,,
1976,SWE,0.0599883303703842,0.0133539878845896,0.186493668899223,0.204551734411082,,
1977,SWE,0.0571140231080365,0.0153182109485501,0.168289419175476,0.188382305963018,,
1978,SWE,0.0569431129670407,0.0157745805759466,0.156925393843638,0.175829194567323,,
1979,SWE,0.0605161148501454,0.0257653638236713,0.153524701160495,0.182640274743984,,
1980,SWE,0.0463551677606796,0.0331681805033825,0.120522385732338,0.156542328517648,,
1981,SWE,0.0444544457017255,0.0328521184924921,0.116531777860547,0.154258374561636,,
1982,SWE,0.0360420554868066,0.0387777791985998,0.106917628262366,0.148069232294321,,
1983,SWE,0.0380689109895659,0.0473607382085146,0.109478520136825,0.158964818042207,,
1984,SWE,0.0393445876919311,0.0430481665306056,0.115743618714014,0.160955787818126,,
1985,SWE,0.0371591198119116,0.0356877717685456,0.10428705868805,0.142800953137149,,
1986,SWE,0.0336726957480251,0.0203358130065058,0.0935806785598177,0.116615842335368,,
1987,SWE,0.0311157243630473,0.0214804923983056,0.0906662062598447,0.114056698567735,,
1992,EST,0.196818461821915,0.0406261871177797,0.222290941242084,0.275126457446214,,
1993,EST,0.116380001617949,0.0576135536211796,0.169843294332516,0.243317639785234,,
1994,EST,0.0844683622222332,0.0299856739622796,0.175365426603318,0.231024503790967,,
1995,EST,0.0633774680678693,0.0673021025983487,0.190226295490877,0.279898917689165,,
1996,EST,0.0402554545949057,0.110294207548015,0.160835393892814,0.28924026856343,,
1997,EST,0.0350264832778712,0.112190884144328,0.167813684983464,0.291804445384324,,
1998,EST,0.0369646437243981,0.0758036460830191,0.175359502737542,0.260821867480138,,
1999,EST,0.0445440467637703,0.11005004599029,0.154009161914845,0.272818852469947,,
2000,EST,0.0365319592685787,0.0989499462347765,0.115180211536403,0.223470232375372,,
2001,EST,0.0339231810816223,0.087073033767834,0.127716789820888,0.223360359989951,,
2002,EST,0.0324460313351292,0.0812398011679942,0.116602959804243,0.210832145937044,,
2003,EST,0.0276744901574072,0.0518657861086463,0.115932982624064,0.181998201194956,,
2004,EST,0.0283374466447135,0.0739146400276732,0.116120822904936,0.19909779528884,,
2005,EST,0.0253173173925516,0.0846159182830991,0.105837798262078,0.197498430391811,136.916600732803,0.80481446322666
2006,EST,0.0291573457834264,0.101902803099005,0.101867168157634,0.209670119816959,137.121408242474,0.77375473886866
2007,EST,0.036839025997032,0.070065599522965,0.123709598966416,0.204548376993694,135.265677640421,0.619359284783155
2008,EST,0.0413541292093952,0.0547733733928932,0.122572120803645,0.188950565891045,137.522953096137,0.749398701702716
2009,EST,0.0307170727220134,0.0726823272398537,0.110395752432976,0.197568643253607,116.649645201599,0.762580426456127
2010,EST,0.0432678600211122,0.0592586500020331,0.123917324392103,0.201012087112854,143.800151545203,1.07694613444184
2011,EST,0.0404874124488247,0.0645466068081788,0.112869513006936,0.192162691550009,167.349949217147,1.1387721644663
2012,EST,0.0386951901246252,0.0607580278839052,0.112883739795366,0.185911421940539,,
2013,EST,0.0342238161632701,0.0430077031278815,0.119403222547324,0.176135129624999,,
2014,EST,0.0323305405223825,0.0898247467418615,0.113814827298446,0.218942207820677,,
2015,EST,0.0234770352949891,0.0403151737967503,0.114792522161881,0.164487078328636,,
2016,EST,0.0255968204442884,0.0220478703273772,0.113456562438239,0.144831423261424,,
1992,LVA,0.0867185503060055,0.291903059099223,0.14630151176117,0.443986547343338,,
1993,LVA,0.0736858240567434,0.298531966921615,0.11911221503075,0.421951575480451,,
1994,LVA,0.0448718714745953,0.292690226034664,0.145869484263234,0.445270837921408,,
1995,LVA,0.0344669964393773,0.186925895517275,0.209299670466849,0.401342970529975,,
1996,LVA,0.0278344815098891,0.248177599188259,0.167854436963325,0.418887029064915,,
1997,LVA,0.0277650647119006,0.21416264031709,0.188640754729975,0.406439951176456,,
1998,LVA,0.0276650417017723,0.135552171254868,0.217167366761824,0.360555228254914,,
1999,LVA,0.0256635074772307,0.167004351340521,0.176947829543853,0.351141717877713,,
2000,LVA,0.0300110125623107,0.144732513219628,0.20190131918333,0.351966765231159,,
2001,LVA,0.0334815180470558,0.131160056414156,0.196684514768135,0.339073372106021,,
2002,LVA,0.0383201083525287,0.100731242746643,0.20467621483411,0.321169346178791,,
2003,LVA,0.0327536599045392,0.0830681750733499,0.199738994125768,0.299277696995256,,
2004,LVA,0.0291040646082833,0.125917361077792,0.165134026920736,0.303961205762924,,
2005,LVA,0.0267795192116455,0.134500986896114,0.152336653315592,0.295750074118182,100.833397562092,1.30760489212792
2006,LVA,0.0261123046465543,0.134094956072508,0.143921900748123,0.285899854902749,100.618599561276,1.16764250723496
2007,LVA,0.0251280486562458,0.0981990842571684,0.153465185381374,0.260429248370313,95.9230193431634,0.957711880889336
2008,LVA,0.0323743208857567,0.0850853147371684,0.146389181782327,0.242740148220835,92.0013789855011,0.661754206858025
2009,LVA,0.0269422085224933,0.0792771639605411,0.149998450182972,0.241428243588358,86.8264215410616,0.846195972622906
2010,LVA,0.0361396349171012,0.0593366368826567,0.189617252866706,0.263100090308137,108.788986837409,1.22947414446878
2011,LVA,0.0427243211859507,0.0844998560682699,0.177787994605006,0.280096577976925,120.611250854009,1.20299247753046
2012,LVA,0.0361951600410364,0.0815768198582308,0.200295828864509,0.29566458128715,,
2013,LVA,0.035075094539394,0.0788736577079456,0.202938997610573,0.296027039449801,,
2014,LVA,0.0310566832761285,0.103727715017356,0.201510266685621,0.318080956936122,,
2015,LVA,0.0336575525580385,0.0523669394419707,0.206673201779941,0.278007283149735,,
2016,LVA,0.0343527966504307,0.0477216718809104,0.202211835733503,0.27038680978574,,
1992,SVN,0.0280278785128054,0.0235362991239822,0.0762128868683185,0.100857963596569,,
1993,SVN,0.0304556443236232,0.0334046234644584,0.0528176314158567,0.0917669398762462,,
1994,SVN,0.0361426074863433,0.00281338854839531,0.0549370149272222,0.0639019943706777,,
1995,SVN,0.0388622299933101,0.00174533175837544,0.0482169394394974,0.0576949706464677,,
1996,SVN,0.0343007220760439,0.00247853465486619,0.0475924288796342,0.054724542484049,,
1997,SVN,0.0393792353671153,0.00306191818059122,0.0486745931400776,0.0557137376503141,,
1998,SVN,0.037634283868544,0.00158496203249633,0.0463526152535011,0.0527240534283405,,
1999,SVN,0.0372382290532321,0.00276467280166765,0.048934836930847,0.0541019370128534,,
2000,SVN,0.0402056998607944,0.00216224508215093,0.0489272028580724,0.0541871022460112,,
2001,SVN,0.0484447646695658,0.00149570850097136,0.0485154024991968,0.0605588164284925,,
2002,SVN,0.0459609533688195,0.00161259375324828,0.0468651774483126,0.061022979410413,,
2003,SVN,0.0472717114940331,0.00111799453029433,0.0426470022575152,0.0581152502550628,,
2004,SVN,0.0474915608550642,0.00157732639168228,0.0380320988037595,0.0530710980019733,,
2005,SVN,0.0524931133842721,0.00294563674215941,0.0438535020092234,0.0625658509139409,119.797480526799,0.188803574746878
2006,SVN,0.063483692200093,0.00335756738705141,0.0491008102579203,0.0681009362557229,129.438621391143,0.211452465238677
2007,SVN,0.0541932367156587,0.00517747655307158,0.0543058152531658,0.0687213967201733,136.491964495636,0.227294566434619
2008,SVN,0.045046447974958,0.013183408555966,0.0539088590546539,0.0770109558292997,134.144353049272,0.388598268241026
2009,SVN,0.0439923548957244,0.012168822933722,0.0610742085141192,0.0892086394879154,112.616536910071,0.197038798438763
2010,SVN,0.0516696822887885,0.017582847448615,0.0653207287623984,0.0981913477357097,127.141330167444,0.277155395575667
2011,SVN,0.0608283902287524,0.022885143341029,0.0665202041077819,0.111242841666019,138.912301308299,0.353439424296793
2012,SVN,0.058324635721026,0.0315213884368155,0.0733644807161051,0.12437145506788,,
2013,SVN,0.0506403227874064,0.0420420691211572,0.0687572811488061,0.12572081002094,,
2014,SVN,0.0479459236892931,0.0341180819044604,0.0678577306548137,0.115165322843197,,
2015,SVN,0.0524910415884392,0.0288508514788061,0.0663473086399197,0.111415433351731,,
2016,SVN,0.0437212160250511,0.021139729698373,0.0743974842155416,0.109437232965584,,
1993,CZE,0.0501833479702744,0.0103592223046788,0.0920085559443119,0.134440412344039,,
1994,CZE,0.0522335509538245,0.00701545554549587,0.092809415966139,0.129902949787892,,
1995,CZE,0.0472277578558565,0.00673537842265709,0.0836214803376323,0.116257661384713,,
1996,CZE,0.042800495815877,0.00832932534391562,0.0715138054964243,0.106404699382483,,
1997,CZE,0.0379233018379222,0.00720561253905281,0.0678233196164494,0.0961983521451342,,
1998,CZE,0.0314035306460596,0.00685686141291924,0.0593463889229508,0.0831591756237806,,
1999,CZE,0.0266058538526693,0.00777334402830863,0.0549387187144371,0.0757282366196655,,
2000,CZE,0.0256684410904116,0.00861563557321686,0.0543030979642811,0.0747056373959254,,
2001,CZE,0.0245023817916799,0.00882025988656345,0.0495451300699595,0.0700012104859648,,
2002,CZE,0.0228292110675434,0.0153924418575099,0.0483776707967292,0.0746938246954061,,
2003,CZE,0.0273057992606862,0.00755679957222524,0.0479556771271182,0.0687615300932658,,
2004,CZE,0.0294033392033156,0.00679511045939901,0.0492906205113486,0.0702303557422591,,
2005,CZE,0.0316172489417902,0.00817342973807153,0.0541884520440529,0.0808123300416321,122.015258515417,0.795547723230379
2006,CZE,0.0343742766504807,0.00790378247722681,0.0517586017830806,0.0778188460848659,127.632502637499,0.771827043174231
2007,CZE,0.0347357211100354,0.00577439941068023,0.0532036390306485,0.077766789496658,130.372902700621,0.690294608774163
2008,CZE,0.0364534353638466,0.00916704615168492,0.0566221909477518,0.0856296482084241,124.288831562303,1.51261483940776
2009,CZE,0.0368978784762022,0.00923213390384799,0.0591890034328656,0.0908984258000427,113.492768818716,0.666721807171788
2010,CZE,0.0415195742165594,0.0134109635903971,0.0593700285184419,0.0952558095219338,128.967077051047,0.90392716866485
2011,CZE,0.0438535546161221,0.0126978896689057,0.0607490797189174,0.0970115046517942,138.784978264669,1.06221082197336
2012,CZE,0.0422775551340054,0.0139929295497627,0.06392374096713,0.0990945766878097,,
2013,CZE,0.0368320579628845,0.0132007026807041,0.0633826773124149,0.0936325504693902,,
2014,CZE,0.0323913572977098,0.0133685166619928,0.0617025679871395,0.0881681993407279,,
2015,CZE,0.0275745720171658,0.0155969367428361,0.0603445933056222,0.0884778018376911,,
2016,CZE,0.0231236986676679,0.00887521744360616,0.0587778254398429,0.0783430168060526,,
1993,SVK,0.0310963486476807,0.0318829512864994,0.0814287322381954,0.11853066491824,,
1994,SVK,0.0240489287888874,0.0298532557710076,0.0789131481593965,0.109742592683737,,
1995,SVK,0.0258476123767372,0.0303442526355224,0.082771846443309,0.114063170974269,,
1996,SVK,0.0358907949295194,0.0368891892146235,0.0713328086040001,0.110157802731471,,
1997,SVK,0.0331452749749142,0.0402173192575456,0.0692746113508854,0.110032938175423,,
1998,SVK,0.0269506613981606,0.0292788877511691,0.0599883009014695,0.0896987791029595,,
1999,SVK,0.0247383471783081,0.0393800694296815,0.0604756924864501,0.101291751152309,,
2000,SVK,0.0287755931788175,0.0549840131625482,0.0535251490162132,0.112021170058829,,
2001,SVK,0.0288898206079265,0.0485263157610843,0.0530361632183798,0.1063813100208,,
2002,SVK,0.0218816957758508,0.0564493882552278,0.0423274257184043,0.102995432365895,,
2003,SVK,0.0207723376625886,0.0321337650275213,0.0400038061477547,0.0772609091468839,,
2004,SVK,0.0264309696533774,0.0413799739637588,0.0477938805929556,0.0971465474481014,,
2005,SVK,0.0271451792798345,0.0449820943793706,0.0549138501313215,0.108634092054978,148.67939743123,0.332671705411776
2006,SVK,0.0345101247011524,0.0423192862675199,0.0516949393396181,0.101856802519364,166.031100399692,0.305848102346211
2007,SVK,0.0281606852357414,0.0370198566183771,0.0494415486444749,0.0911483538772508,167.670854904699,0.334902480355012
2008,SVK,0.029220178409437,0.0411821932569818,0.0481782588677955,0.0963795366371097,162.920929761002,0.392908892983514
2009,SVK,0.0264732415538019,0.0390864052147852,0.0580333372511634,0.10320815437853,136.701526970102,0.268640774916004
2010,SVK,0.0289519774909514,0.0364226557144377,0.0546461991726343,0.0961759424849497,154.123059806721,0.333328790592519
2011,SVK,0.0341327275093326,0.0509707275104506,0.0556448772796161,0.115465333587538,171.007872957736,0.35677716792789
2012,SVK,0.0310284596182507,0.0481365773008977,0.0634258088990373,0.118436164271702,,
2013,SVK,0.0208837478220753,0.0431592749210724,0.0509740378364576,0.0980847056847124,,
2014,SVK,0.0223038012623704,0.0374276464272019,0.0462092262152815,0.0871027714387607,,
2015,SVK,0.020726333553364,0.0310325662313199,0.0469752397362557,0.0814699418742755,,
2016,SVK,0.0213571118603875,0.029891846518909,0.0473331505631822,0.0826309968075725,,
1999,LUX,0.0164906831151853,0.000358574723843673,0.0155130467016483,0.0167491217373373,,
2000,LUX,0.0176903923793573,0.00148566229259668,0.0163268404284558,0.0179176062152051,,
2001,LUX,0.016302747661114,0.000720713424657937,0.0169808788286371,0.0181437531925303,,
2002,LUX,0.0182542315266911,0.000458227632018426,0.0177310620288524,0.0196463954416591,,
2003,LUX,0.0196851099465015,0.000333389665990062,0.017001421375167,0.0179499418657471,,
2004,LUX,0.0230811356386628,0.000380311189255351,0.0206288570451737,0.0224392766303004,,
2005,LUX,0.0170122585207964,0.00044725512014782,0.0194219000969533,0.0227781553539421,297.772974229331,0.00957721275118489
2006,LUX,0.0192410897450195,0.000769507041934834,0.0162460568089102,0.0195594630482736,320.598261765662,0.0107571040164345
2007,LUX,0.0171192814520713,0.000567378462102716,0.0170501798982006,0.0192541374835429,332.50484932692,0.0279837719318069
2008,LUX,0.0204760139096448,0.000546025845039838,0.0178182919377221,0.0204993528339256,343.561828330302,0.261248947604417
2009,LUX,0.0119337019083108,0.000290817233647561,0.0217151286855057,0.0238106334347296,295.972806200216,0.0742215795804989
2010,LUX,0.0150467382471094,0.000240762804258443,0.0212203982175752,0.0239297916271953,316.161400227568,0.0700721058375408
2011,LUX,0.0163522000816682,0.000453245047014692,0.0211035023533326,0.0232304464701522,323.449607347643,0.105882345410753
2012,LUX,0.0132262030582634,0.000826066149149871,0.0183283866673164,0.0206787742620964,,
2013,LUX,0.0125999655384785,0.00179176251039051,0.016984371656145,0.0197760549594564,,
2014,LUX,0.0145525861337359,0.00129654555868522,0.0170260215362222,0.019865005233991,,
2015,LUX,0.0100679363025703,0.000865883654011063,0.0159135953529433,0.0178109535085075,,
2016,LUX,0.00910874699447466,0.000267895485985986,0.014923435363771,0.0157812171076846,,
