iso2c,country,year,ne.trd.gnfs.zs,ne.exp.gnfs.zs,NE.IMP.GNFS.ZS
AT,Austria,1962,45.6180901534569,23.4163731876468,22.2017169658101
AT,Austria,1963,46.2846929359315,23.4268110207149,22.8578819152166
AT,Austria,1964,46.9855812470221,23.3993989196795,23.5861823273426
AT,Austria,1965,48.2393149536368,23.7702933429408,24.469021610696
AT,Austria,1966,48.9255425298678,23.708681403716,25.2168611261517
AT,Austria,1967,48.3085412151414,23.7042547228676,24.6042864922738
AT,Austria,1968,49.013881174705,24.309171420419,24.704709754286
AT,Austria,1969,52.7252596626323,26.8480017913189,25.8772578713134
AT,Austria,1970,54.86039174788,27.3917570099059,27.4686347379741
AT,Austria,1971,54.3804711459358,27.0353547009084,27.3451164450274
AT,Austria,1972,54.2960192212936,26.9306664617911,27.3653527595025
AT,Austria,1973,54.4568199360651,26.9193668906389,27.5374530454263
AT,Austria,1974,59.5677317780406,29.1143698982224,30.4533618798182
AT,Austria,1975,56.5991341566834,28.0946358571963,28.5044982994871
AT,Austria,1976,59.9162816321086,28.7525264199134,31.1637552121951
AT,Austria,1977,60.2775956821567,27.9539567920211,32.3236388901356
AT,Austria,1978,59.6679877608595,29.1150929927063,30.5528947681532
AT,Austria,1979,63.3172191333532,30.8807752370752,32.436443896278
AT,Austria,1980,66.8250060486283,31.693071746573,35.1319343020553
AT,Austria,1981,68.396550301208,33.0006616212331,35.3958886799749
AT,Austria,1982,64.1171139234959,31.7414964327904,32.3756174907055
AT,Austria,1983,62.4721849872476,30.4781988225532,31.9939861646944
AT,Austria,1984,66.5750060351522,32.7510176204109,33.8239884147413
AT,Austria,1985,70.0831614762495,34.9213214117574,35.1618400644921
AT,Austria,1986,64.014597212162,31.9977147053967,32.0168825067653
AT,Austria,1987,62.8537227269269,31.4062048787345,31.4475178481923
AT,Austria,1988,66.562550344062,33.0709262043675,33.4916241396946
AT,Austria,1989,70.5383587945509,35.0152027446799,35.5231560498709
AT,Austria,1990,71.4883694819226,35.6974146503071,35.7909548316155
AT,Austria,1991,70.0484058928522,34.5904880807681,35.4579178120841
AT,Austria,1992,67.6301674653756,33.1552676574191,34.4748998079566
AT,Austria,1993,63.2650504915528,31.4638980106592,31.8011524808936
AT,Austria,1994,65.9870933378821,32.1585338854777,33.8285594524044
AT,Austria,1995,68.25660110272,33.5331403455378,34.7234607571822
AT,Austria,1996,70.0836711206827,34.2492761073574,35.8343950133252
AT,Austria,1997,74.8676902155828,37.0280827384957,37.8396074770871
AT,Austria,1998,76.9271493915785,38.351021186462,38.5761282051164
AT,Austria,1999,78.2601403439716,39.3570378852981,38.9031024586734
AT,Austria,2000,85.3604956179232,43.3462739519887,42.0142216659345
AT,Austria,2001,87.5366647639352,44.6175555179483,42.9191092459869
AT,Austria,2002,86.9481679996606,45.31938619858,41.6287818010806
AT,Austria,2003,86.3873824162825,44.57041471914,41.8169676971425
AT,Austria,2004,90.7923456929297,46.8672149740213,43.9251307189084
AT,Austria,2005,94.0338056833054,48.6197522046932,45.4140534786122
AT,Austria,2006,98.0883112053436,50.8416688618235,47.2466423435202
AT,Austria,2007,100.733254061926,52.560869422371,48.172384639555
AT,Austria,2008,102.073682731706,53.2488606164087,48.8248221152974
AT,Austria,2009,87.0622309742796,45.2074165608437,41.8548144134358
AT,Austria,2010,99.0197962369563,51.2621603273359,47.7576359096203
AT,Austria,2011,105.102788629725,53.9486708516394,51.154117778086
AT,Austria,2012,105.152177427838,53.9736761965302,51.1785012313079
AT,Austria,2013,104.066414086373,53.4412932967224,50.625120789651
AT,Austria,2014,103.503535251069,53.3865790462424,50.1169562048263
AT,Austria,2015,102.430054670253,53.0902634767112,49.3397911935423
AT,Austria,2016,101.00202508107,52.3425868673769,48.6594382136933
BE,Belgium,1962,81.1576432460471,40.5730913202231,40.584551925824
BE,Belgium,1963,84.3825837561852,41.7125390253489,42.6700447308363
BE,Belgium,1964,85.3268781038424,42.4975544033319,42.8293237005105
BE,Belgium,1965,83.9900692062356,41.9832709983555,42.0067982078801
BE,Belgium,1966,88.0357457342498,43.6661054948653,44.3696402393845
BE,Belgium,1967,84.9542938596995,42.6867324128493,42.2675614468502
BE,Belgium,1968,89.2725658349821,44.8669093217312,44.4056565132509
BE,Belgium,1969,96.4912899323802,48.8002811996644,47.6910087327158
BE,Belgium,1970,87.0758025041546,44.4875972111773,42.5882052929773
BE,Belgium,1971,84.9490549800667,43.3111788480817,41.6378761319849
BE,Belgium,1972,84.5787180649479,43.6771381309046,40.9015799340434
BE,Belgium,1973,93.4462479046126,47.5311995597057,45.9150483449068
BE,Belgium,1974,104.495768978865,52.3419329393251,52.1538360395404
BE,Belgium,1975,90.8501180613793,45.4373516940318,45.4127663673475
BE,Belgium,1976,96.1032781185445,48.0481916162093,48.0550865023352
BE,Belgium,1977,94.9763496102847,47.0119767565971,47.9643728536876
BE,Belgium,1978,91.6365514233163,45.2845690333052,46.3519823900111
BE,Belgium,1979,100.831741990439,49.4019856575411,51.4297563328984
BE,Belgium,1980,102.306683920574,49.5947962456052,52.7118876749688
BE,Belgium,1981,109.417686161341,53.4998976962844,55.9177884650568
BE,Belgium,1982,117.06390427629,57.4975713452714,59.566332931019
BE,Belgium,1983,119.509460317824,59.7659885094121,59.7434718084117
BE,Belgium,1984,127.286436050737,63.7408387796952,63.545597271042
BE,Belgium,1985,122.963339106446,61.803226862401,61.1601122440448
BE,Belgium,1986,111.494554813514,56.6858609201343,54.8086938933802
BE,Belgium,1987,109.105628431747,55.2853290114664,53.8202994202806
BE,Belgium,1988,115.55989903239,58.7887407384856,56.7711582939049
BE,Belgium,1989,124.011913158749,62.9040511996159,61.107861959133
BE,Belgium,1990,120.56967271465,60.9713541770479,59.5983185376022
BE,Belgium,1991,117.712773234039,59.601747307917,58.1110259261217
BE,Belgium,1992,114.215711339517,58.1958342713121,56.0198770682048
BE,Belgium,1993,108.201663534969,55.5228054513972,52.6788580835718
BE,Belgium,1994,112.388936950299,57.8158656842799,54.5730712660193
BE,Belgium,1995,115.511365408443,59.487665854818,56.023699553625
BE,Belgium,1996,118.060093802792,60.442784742598,57.6173090601938
BE,Belgium,1997,124.366693263271,63.8967697738669,60.4699234894036
BE,Belgium,1998,123.484495687655,63.3972679385354,60.0872277491198
BE,Belgium,1999,123.99724026107,63.8987249514794,60.0985153095903
BE,Belgium,2000,141.079071496619,71.8575876571322,69.221483839487
BE,Belgium,2001,138.694465221206,71.020368082279,67.6740971389271
BE,Belgium,2002,135.124884981773,70.3147727574309,64.8101122243425
BE,Belgium,2003,131.990312645394,68.5960942765708,63.3942183688236
BE,Belgium,2004,136.037833248748,70.3699698839145,65.6678633648332
BE,Belgium,2005,143.376220942029,73.5212250642736,69.8549958777555
BE,Belgium,2006,147.693901435153,75.7111400434884,71.9827613916644
BE,Belgium,2007,151.163621858795,77.4908365667041,73.6727852920912
BE,Belgium,2008,158.908045084263,79.6959831488997,79.2120619353629
BE,Belgium,2009,136.356757863313,69.3097762464767,67.0469816168365
BE,Belgium,2010,151.100176526737,76.4484573425673,74.6517191841698
BE,Belgium,2011,162.753665660528,81.6355465472349,81.1181191132935
BE,Belgium,2012,163.994977033554,82.3058368243002,81.6891402092541
BE,Belgium,2013,162.218643125169,81.730301131825,80.4883419933435
BE,Belgium,2014,164.698392797959,82.6662277616896,82.0321650362696
BE,Belgium,2015,160.135970889999,80.7811527387195,79.3548181512795
BE,Belgium,2016,164.137137436303,82.7327158648974,81.4044215714051
CZ,Czech Republic,1962,,,
CZ,Czech Republic,1963,,,
CZ,Czech Republic,1964,,,
CZ,Czech Republic,1965,,,
CZ,Czech Republic,1966,,,
CZ,Czech Republic,1967,,,
CZ,Czech Republic,1968,,,
CZ,Czech Republic,1969,,,
CZ,Czech Republic,1970,,,
CZ,Czech Republic,1971,,,
CZ,Czech Republic,1972,,,
CZ,Czech Republic,1973,,,
CZ,Czech Republic,1974,,,
CZ,Czech Republic,1975,,,
CZ,Czech Republic,1976,,,
CZ,Czech Republic,1977,,,
CZ,Czech Republic,1978,,,
CZ,Czech Republic,1979,,,
CZ,Czech Republic,1980,,,
CZ,Czech Republic,1981,,,
CZ,Czech Republic,1982,,,
CZ,Czech Republic,1983,,,
CZ,Czech Republic,1984,,,
CZ,Czech Republic,1985,,,
CZ,Czech Republic,1986,,,
CZ,Czech Republic,1987,,,
CZ,Czech Republic,1988,,,
CZ,Czech Republic,1989,,,
CZ,Czech Republic,1990,63.8063915958096,33.0772640557094,30.7291275401002
CZ,Czech Republic,1991,71.6182599927635,38.6081648918862,33.0100951008773
CZ,Czech Republic,1992,78.8951160454185,40.0459295129956,38.8491865324229
CZ,Czech Republic,1993,79.134572964316,40.1256093924945,39.0089635718215
CZ,Czech Republic,1994,75.6995856021595,37.2718043516157,38.4277812505438
CZ,Czech Republic,1995,83.8949552049328,40.3995847324241,43.4953704725087
CZ,Czech Republic,1996,81.4932504446358,38.3168292873398,43.176421157296
CZ,Czech Republic,1997,85.0741681450944,40.4614736627143,44.6126944823801
CZ,Czech Republic,1998,84.6886095670449,42.2085185863327,42.4800909807123
CZ,Czech Republic,1999,86.2612529248574,42.9203399724494,43.340912952408
CZ,Czech Republic,2000,98.2331208001368,48.1922910591063,50.0408297410306
CZ,Czech Republic,2001,99.3099739945622,49.0279401738654,50.2820338206968
CZ,Czech Republic,2002,91.5259818230906,45.1241477243064,46.4018340987842
CZ,Czech Republic,2003,95.0151972222993,46.9073243423848,48.1078728799145
CZ,Czech Republic,2004,113.868335225069,57.3404444293512,56.5278907957174
CZ,Czech Republic,2005,122.015258515417,62.181957290981,59.8333012244363
CZ,Czech Republic,2006,127.632502637499,65.1862987851849,62.4462038523137
CZ,Czech Republic,2007,130.372902700621,66.4089661851449,63.963936515476
CZ,Czech Republic,2008,124.288831562303,63.2263674242076,61.0624641380954
CZ,Czech Republic,2009,113.492768818716,58.6842997764355,54.8084690422803
CZ,Czech Republic,2010,128.967077051047,66.0295210253014,62.9375560257456
CZ,Czech Republic,2011,138.784978264669,71.3071567311351,67.4778215335339
CZ,Czech Republic,2012,147.537458939997,76.1700746223071,71.3673843176896
CZ,Czech Republic,2013,147.978174425006,76.8709518101924,71.1072226148134
CZ,Czech Republic,2014,158.726956742669,82.5456924295555,76.1812643131131
CZ,Czech Republic,2015,156.099863722896,81.0493010657814,75.0505626571141
CZ,Czech Republic,2016,151.394675743867,79.5556198733638,71.8390558705031
DE,Germany,1962,,,
DE,Germany,1963,,,
DE,Germany,1964,,,
DE,Germany,1965,,,
DE,Germany,1966,,,
DE,Germany,1967,,,
DE,Germany,1968,,,
DE,Germany,1969,,,
DE,Germany,1970,31.8155483722306,15.1700213743282,16.6455269979024
DE,Germany,1971,30.9459003050632,14.6001387452274,16.3457615598358
DE,Germany,1972,30.8344370581945,14.5930156736184,16.2414213845761
DE,Germany,1973,31.8077841214888,15.3974036525952,16.4103804688935
DE,Germany,1974,37.074439055349,18.2870297959623,18.7874092593866
DE,Germany,1975,36.0255816499697,17.1575951576623,18.8679864923074
DE,Germany,1976,38.4972486719417,18.1212991875784,20.3759494843633
DE,Germany,1977,38.2301505974497,18.0292954608651,20.2008551365846
DE,Germany,1978,37.3036255570964,17.6851398487857,19.6184857083107
DE,Germany,1979,39.3552100939341,17.8735353545983,21.4816747393358
DE,Germany,1980,41.9938930471203,18.6723219396538,23.3215711074665
DE,Germany,1981,44.3302124753721,20.190086669762,24.1401258056101
DE,Germany,1982,44.5349453242277,20.9272773791086,23.6076679451191
DE,Germany,1983,43.7201739789873,20.347087445712,23.3730865332753
DE,Germany,1984,46.3959011796766,21.7851851327338,24.6107160469429
DE,Germany,1985,48.0736790945183,23.0019500747403,25.071729019778
DE,Germany,1986,43.085752999907,21.3455537647152,21.7401992351918
DE,Germany,1987,41.8264475858919,20.7397885166044,21.0866590692875
DE,Germany,1988,42.6662605609414,21.1479613915212,21.5182991694203
DE,Germany,1989,45.3646253285851,22.3608117328151,23.00381359577
DE,Germany,1990,46.0141918466429,22.8984997616622,23.1156920849808
DE,Germany,1991,47.9745537409799,23.7298392201544,24.2447145208254
DE,Germany,1992,45.0500200552108,22.2637024278602,22.7863176273506
DE,Germany,1993,40.644305281519,20.3544079380058,20.2898973435132
DE,Germany,1994,42.0729501882215,21.1350113916374,20.9379387965841
DE,Germany,1995,43.5447210987529,22.0064459049545,21.5382751937985
DE,Germany,1996,44.9967295153453,22.9086029320154,22.0881265833299
DE,Germany,1997,49.6010350314424,25.3919749477655,24.2090600836769
DE,Germany,1998,51.5828721206206,26.4533774644119,25.1294946562087
DE,Germany,1999,53.3694451977839,27.0412324202859,26.328212777498
DE,Germany,2000,61.3899965981252,30.8295377230118,30.5604588751134
DE,Germany,2001,61.9777966373833,31.8706791751726,30.1071174622107
DE,Germany,2002,60.7730085231002,32.5740396235895,28.1989688995107
DE,Germany,2003,61.5191344456056,32.591483189795,28.9276512558106
DE,Germany,2004,65.8561097849926,35.4484237785274,30.4076860064652
DE,Germany,2005,70.421190337526,37.7404535695349,32.6807367679911
DE,Germany,2006,77.0821685991852,41.1903478533375,35.8918207458477
DE,Germany,2007,79.3705311491587,43.0099115480875,36.3606196010711
DE,Germany,2008,80.9449046351308,43.4598749287594,37.4850297063715
DE,Germany,2009,70.6650462548978,37.8022013754532,32.8628448794446
DE,Germany,2010,79.3030782229871,42.2503740223096,37.0527042006775
DE,Germany,2011,84.7477359495694,44.8181730740774,39.929562875492
DE,Germany,2012,85.8747543741344,45.982539717068,39.8922146570664
DE,Germany,2013,84.83642578125,45.3978784533514,39.4385473278985
DE,Germany,2014,84.3652568068359,45.6448160512355,38.7204407556005
DE,Germany,2015,85.7119710317955,46.8597442978687,38.8522267339268
DE,Germany,2016,83.9622122003323,45.8970488171533,38.0651633831791
DK,Denmark,1962,61.1243865612386,28.6194585200142,32.5049280412244
DK,Denmark,1963,61.1942486568197,30.4029648010097,30.79128385581
DK,Denmark,1964,62.4801730870475,29.8521605315621,32.6280125554854
DK,Denmark,1965,60.8372776984055,29.2971283600682,31.5401493383373
DK,Denmark,1966,59.3351573013005,28.5519489369917,30.7832083643087
DK,Denmark,1967,57.3370432495437,27.3355832797873,30.0014599697564
DK,Denmark,1968,57.3598790577062,27.6631535297528,29.6967255279534
DK,Denmark,1969,57.9455106144874,27.5513295417051,30.3941810727823
DK,Denmark,1970,57.1346328077322,27.1508585124731,29.9837742952591
DK,Denmark,1971,55.6744907654822,26.8244495558747,28.8500412096074
DK,Denmark,1972,53.2212142231265,26.4065176139023,26.8146966092243
DK,Denmark,1973,57.83977988835,27.9729005136744,29.8668793746756
DK,Denmark,1974,64.6614281790602,30.6563986526804,34.0050295263798
DK,Denmark,1975,59.7005599503019,29.3704327688208,30.3301271814812
DK,Denmark,1976,61.0072831616952,28.2378243077382,32.769458853957
DK,Denmark,1977,60.2826675710115,28.357587305515,31.9250802654966
DK,Denmark,1978,57.0528327568408,27.4182006407259,29.6346321161149
DK,Denmark,1979,60.8479059269229,29.2330998788566,31.6148060480663
DK,Denmark,1980,65.4557700528179,32.502748369768,32.9530216830498
DK,Denmark,1981,70.7447485984064,36.0757857619901,34.6689628364164
DK,Denmark,1982,70.8385664242434,35.8736083513916,34.9649580728519
DK,Denmark,1983,69.6329632482575,35.9212487179396,33.7117145303178
DK,Denmark,1984,70.9085487063504,36.2926593207851,34.6158893855654
DK,Denmark,1985,72.0872374813488,36.4310695498029,35.6561679315458
DK,Denmark,1986,64.7973169393813,32.2990998180346,32.4982171213467
DK,Denmark,1987,61.3529045654342,31.7038063236064,29.6490982418278
DK,Denmark,1988,63.7553298975364,33.6157384218489,30.1395914756875
DK,Denmark,1989,67.0449403002356,35.4199822371694,31.6249580630662
DK,Denmark,1990,67.2901860479215,36.42316575898,30.8670202889415
DK,Denmark,1991,69.1465387414508,37.682525173451,31.4640135679998
DK,Denmark,1992,67.00189575202,36.9543617694923,30.0475339825277
DK,Denmark,1993,65.6049782477471,36.5662236340973,29.0387546136497
DK,Denmark,1994,67.7805462562439,36.8519061193259,30.9286401369179
DK,Denmark,1995,68.5146120351531,36.6120007424766,31.9026112926765
DK,Denmark,1996,68.4713034193345,37.0673915300522,31.4039118892822
DK,Denmark,1997,71.1684044678411,37.7628393247991,33.405565143042
DK,Denmark,1998,71.2991459561332,37.186562120747,34.1125838353862
DK,Denmark,1999,72.6972144590347,39.3484362770782,33.3487781819566
DK,Denmark,2000,82.9839817260338,44.8473012861904,38.1366804398434
DK,Denmark,2001,83.968573468422,45.5545064906663,38.4140669777557
DK,Denmark,2002,84.5569381466134,45.7044772004665,38.8524609461469
DK,Denmark,2003,80.8817119935111,43.8384170108668,37.0432949826443
DK,Denmark,2004,82.2077917650612,43.928462778942,38.2793289861192
DK,Denmark,2005,89.3997573758886,47.452112967811,41.9476444080775
DK,Denmark,2006,97.3666852003235,50.7300235985431,46.6366616017804
DK,Denmark,2007,100.067844103366,51.4825558121417,48.5852882912247
DK,Denmark,2008,104.828228738133,54.1758146222095,50.6524141159233
DK,Denmark,2009,89.755057755804,47.1260652149109,42.6289925408931
DK,Denmark,2010,94.1000005223296,50.522948015908,43.5770525064216
DK,Denmark,2011,101.245761268682,53.8201291647255,47.425632103956
DK,Denmark,2012,103.240985379852,54.6304891096979,48.6104962701538
DK,Denmark,2013,103.05014595515,54.828812353477,48.2213336016725
DK,Denmark,2014,102.263920935599,54.613119296736,47.6508016388626
DK,Denmark,2015,104.04820103264,55.418153077577,48.6300479550629
DK,Denmark,2016,100.450233712353,53.5939130176726,46.8563206946799
EE,Estonia,1962,,,
EE,Estonia,1963,,,
EE,Estonia,1964,,,
EE,Estonia,1965,,,
EE,Estonia,1966,,,
EE,Estonia,1967,,,
EE,Estonia,1968,,,
EE,Estonia,1969,,,
EE,Estonia,1970,,,
EE,Estonia,1971,,,
EE,Estonia,1972,,,
EE,Estonia,1973,,,
EE,Estonia,1974,,,
EE,Estonia,1975,,,
EE,Estonia,1976,,,
EE,Estonia,1977,,,
EE,Estonia,1978,,,
EE,Estonia,1979,,,
EE,Estonia,1980,,,
EE,Estonia,1981,,,
EE,Estonia,1982,,,
EE,Estonia,1983,,,
EE,Estonia,1984,,,
EE,Estonia,1985,,,
EE,Estonia,1986,,,
EE,Estonia,1987,,,
EE,Estonia,1988,,,
EE,Estonia,1989,,,
EE,Estonia,1990,,,
EE,Estonia,1991,,,
EE,Estonia,1992,,,
EE,Estonia,1993,,,
EE,Estonia,1994,,,
EE,Estonia,1995,143.199538241939,67.8496884399518,75.349849801987
EE,Estonia,1996,134.095635423038,61.7945389722772,72.3010964507611
EE,Estonia,1997,153.680464299774,71.6074053647034,82.0730589350708
EE,Estonia,1998,158.42896511035,74.3811771304456,84.0477879799046
EE,Estonia,1999,144.871763313331,70.2322712544099,74.6394920589214
EE,Estonia,2000,126.513531193199,61.6361238077949,64.877407385404
EE,Estonia,2001,126.650968812222,61.3459162142177,65.3050525980039
EE,Estonia,2002,124.091364253749,58.3192386281315,65.7721256256174
EE,Estonia,2003,123.278054748719,57.395627832979,65.8824269157401
EE,Estonia,2004,130.912750625614,61.5182283428432,69.3945222827712
EE,Estonia,2005,136.916600732803,65.9058939990884,71.0107067337142
EE,Estonia,2006,137.121408242474,63.4885392231032,73.6328690193704
EE,Estonia,2007,135.265677640421,63.1956987780916,72.0699788623291
EE,Estonia,2008,137.522953096137,66.7977432058297,70.7252098903072
EE,Estonia,2009,116.649645201599,60.8047113869508,55.8449338146481
EE,Estonia,2010,143.800151545203,75.0782302117066,68.7219213334967
EE,Estonia,2011,167.349949217147,86.5397252728219,80.810223944325
EE,Estonia,2012,170.428334269953,85.9894385872615,84.4388956826911
EE,Estonia,2013,165.79450131349,84.3030815040284,81.4914198094612
EE,Estonia,2014,160.048872879047,81.802388001185,78.2464848778619
EE,Estonia,2015,150.682554425408,77.3450043271335,73.3375500982742
EE,Estonia,2016,151.127621098361,77.5997859265041,73.5278351718573
ES,Spain,1962,18.4227807217947,8.30365360888558,10.1191271129091
ES,Spain,1963,18.4923453291345,7.71228856854201,10.7800567605925
ES,Spain,1964,20.1953893064895,8.81175933993521,11.3836299665543
ES,Spain,1965,21.339131482055,8.1931597903261,13.1459716917289
ES,Spain,1966,22.4491043901193,8.89285036672404,13.5562540233952
ES,Spain,1967,20.4347228294671,8.55111556951094,11.8836072599562
ES,Spain,1968,23.1690212865005,10.5686127545785,12.600408531922
ES,Spain,1969,24.4614859064338,11.3329121651617,13.1285737412721
ES,Spain,1970,25.8499835480875,12.1887969624684,13.6611865856191
ES,Spain,1971,25.9287886400268,13.0758457472537,12.8529428927731
ES,Spain,1972,27.2146600553767,13.4030631370601,13.8115969183166
ES,Spain,1973,28.1388966248621,13.3854050745402,14.753491550322
ES,Spain,1974,31.7185343975355,13.2478876729355,18.4706467245999
ES,Spain,1975,29.1090517334833,12.4351873071661,16.6738644263171
ES,Spain,1976,30.0997697037556,12.6271673974381,17.4726023063175
ES,Spain,1977,29.1926121980085,13.3154237443095,15.8771884536989
ES,Spain,1978,27.7617411939919,13.9461351969023,13.8156059970896
ES,Spain,1979,27.871061397348,13.7699079963076,14.1011534010404
ES,Spain,1980,31.5916735996418,14.3593638033134,17.2323097963284
ES,Spain,1981,35.4168495107948,16.3615840189913,19.0552654918035
ES,Spain,1982,36.5674274315524,17.0585707842789,19.5088566472735
ES,Spain,1983,39.8151110411926,19.1668444229071,20.6482666182855
ES,Spain,1984,41.599692925074,21.4052734448062,20.1944194802678
ES,Spain,1985,40.9232996201669,20.9648523137106,19.9584473064563
ES,Spain,1986,35.3974101432591,18.2846381009534,17.1127720423056
ES,Spain,1987,36.3646225041333,17.8098881836858,18.5547343204475
ES,Spain,1988,36.7543485799745,17.3858076537009,19.3685409262735
ES,Spain,1989,37.4187119446568,16.6820374179764,20.7366745266804
ES,Spain,1990,35.6429965830852,15.8002473589132,19.842749224172
ES,Spain,1991,35.5113418967612,15.8363413401505,19.6750005566107
ES,Spain,1992,36.012533326518,16.2652184428755,19.7473148836425
ES,Spain,1993,36.9930776907673,17.7938566180114,19.1992210727559
ES,Spain,1994,41.6956042634468,20.408590200644,21.2870140628029
ES,Spain,1995,44.8302662315468,21.9318278301117,22.8984384014351
ES,Spain,1996,46.3284234167773,23.1184117772423,23.2100116395351
ES,Spain,1997,51.2922522772942,25.7537414414467,25.5385108358476
ES,Spain,1998,52.8642232899311,26.1832135469874,26.6810097429437
ES,Spain,1999,54.7380518108212,26.3972364869867,28.3408153238345
ES,Spain,2000,60.237833655706,28.616170212766,31.62166344294
ES,Spain,2001,58.0741585754966,27.8622156654201,30.2119429100765
ES,Spain,2002,54.9828637319695,26.4771356274223,28.5057281045473
ES,Spain,2003,53.1113716470518,25.4473086803274,27.6640629667244
ES,Spain,2004,54.2124631422535,25.1788906688955,29.0335724733579
ES,Spain,2005,54.335103582121,24.6677828332434,29.6673207488776
ES,Spain,2006,55.6592729574374,24.8719709040114,30.787302053426
ES,Spain,2007,57.406456471877,25.7077350535294,31.6987214183476
ES,Spain,2008,55.7579341082667,25.3164908508589,30.4414432574078
ES,Spain,2009,46.4972031004993,22.6734207433933,23.8237823571061
ES,Spain,2010,52.3435729252915,25.5192957948443,26.8242771304473
ES,Spain,2011,58.0860928451519,28.9201073568194,29.1659854883325
ES,Spain,2012,59.9311415973034,30.6999802849545,29.2311613123488
ES,Spain,2013,61.1796122231506,32.2175348764201,28.9620773467305
ES,Spain,2014,62.9964733768862,32.7129945462604,30.2834788306257
ES,Spain,2015,63.5372954174432,32.9353058968798,30.6019895205635
ES,Spain,2016,63.0778471909992,33.1156485448401,29.9621986461591
FI,Finland,1962,41.3582384698107,19.9202838835224,21.4379545862883
FI,Finland,1963,38.4806586956932,19.0730336089066,19.4076250867866
FI,Finland,1964,40.1685661285452,18.969808468418,21.1987576601272
FI,Finland,1965,40.0569308252083,19.0117305039287,21.0452003212796
FI,Finland,1966,39.3287643183973,18.6973418368438,20.6314224815535
FI,Finland,1967,38.3132564956308,18.5242368210111,19.7890196746197
FI,Finland,1968,41.5364907443325,21.3040894265704,20.2324013177622
FI,Finland,1969,44.9820990066287,22.7032684355149,22.2788305711138
FI,Finland,1970,49.3846910419816,23.8523447816625,25.5323462603191
FI,Finland,1971,47.4072297388356,22.5513427363596,24.8558870024761
FI,Finland,1972,47.7548605987513,23.6355806872824,24.1192799114689
FI,Finland,1973,48.4717251472445,23.5867284508131,24.8849966964314
FI,Finland,1974,55.173929890715,25.6618413311753,29.5120885595397
FI,Finland,1975,50.2952150476094,22.1171810778112,28.1780339697981
FI,Finland,1976,49.2315135968167,23.5295545470567,25.70195904976
FI,Finland,1977,52.3510959037745,26.8313671287548,25.5197287750197
FI,Finland,1978,52.5868763215572,27.8396427661616,24.7472335553956
FI,Finland,1979,58.0703964693199,29.5566242899138,28.5137721794061
FI,Finland,1980,62.9000653167864,30.7998337390891,32.1002315776973
FI,Finland,1981,61.5530004725154,31.2647661048984,30.2882343676169
FI,Finland,1982,57.5377647031356,28.8552683803787,28.6824963227569
FI,Finland,1983,57.3739275999163,28.6817325800377,28.6921950198786
FI,Finland,1984,56.5591237055591,29.46465288422,27.0944708213391
FI,Finland,1985,55.2697949729776,27.969460410054,27.3003345629236
FI,Finland,1986,49.9458080969079,25.6279885240676,24.3178195728403
FI,Finland,1987,49.4531446030317,24.9856090685008,24.4675355345309
FI,Finland,1988,48.138207780702,23.8958230189958,24.2423847617062
FI,Finland,1989,47.8534604149938,23.0131853041464,24.8402751108473
FI,Finland,1990,45.8158444127019,22.1338314470937,23.6820129656082
FI,Finland,1991,43.4569122145305,21.2541109910076,22.2028012235229
FI,Finland,1992,50.2003488426908,25.5232640362042,24.6770848064866
FI,Finland,1993,58.1377991323413,31.3663292438308,26.7714698885105
FI,Finland,1994,62.4151683412656,34.0285122510136,28.3866560902521
FI,Finland,1995,64.0691586509193,35.7624091886846,28.3067494622347
FI,Finland,1996,65.7368214775622,36.3276504017245,29.4091710758377
FI,Finland,1997,68.2638299409417,37.8009355415485,30.4628943993932
FI,Finland,1998,67.018324998754,37.4673954577927,29.5509295409613
FI,Finland,1999,66.2362219613466,37.6023258195914,28.6338961417552
FI,Finland,2000,74.994312385789,42.0868773897153,32.9074349960737
FI,Finland,2001,70.2659290901916,39.7128159682076,30.553113121984
FI,Finland,2002,69.2903721786512,39.0858391384391,30.204533040212
FI,Finland,2003,68.0376594158436,37.2661955940859,30.7714638217577
FI,Finland,2004,70.9913741426201,38.5891959085546,32.4021782340655
FI,Finland,2005,76.6277138703182,40.2556163200253,36.3720975502929
FI,Finland,2006,82.1827893450126,43.1708899625755,39.0118993824371
FI,Finland,2007,83.1759422029756,43.9968057282511,39.1791364747245
FI,Finland,2008,86.5118656142398,45.0779769863353,41.4338886279045
FI,Finland,2009,70.5312408509134,36.2709842069503,34.2602566439631
FI,Finland,2010,76.089791555318,38.6777124532336,37.4120791020844
FI,Finland,2011,79.1699048605926,39.1595426400297,40.0103622205629
FI,Finland,2012,80.4057199201173,39.4813632109233,40.924356709194
FI,Finland,2013,78.5136078844092,38.8141911497113,39.6994167346979
FI,Finland,2014,75.3744999367317,37.2222276297731,38.1522723069585
FI,Finland,2015,73.181489102271,36.3616445663771,36.8198445358939
FI,Finland,2016,72.7698509300098,35.8675077404396,36.9023431895702
FR,France,1962,24.9498746402477,12.8329879563643,12.1168866838833
FR,France,1963,25.0628561336022,12.5957667651555,12.4670893684467
FR,France,1964,25.6863055867558,12.6368545647088,13.049451022047
FR,France,1965,25.8033546001833,13.2292212463374,12.5741333538459
FR,France,1966,26.537151928557,13.2884135319226,13.2487383966344
FR,France,1967,26.2489789174584,13.1449321780713,13.1040467393871
FR,France,1968,26.6357421629424,13.1742493206123,13.4614928423301
FR,France,1969,28.8136286937171,14.0116224489398,14.8020062447772
FR,France,1970,31.4189565466435,15.9811611958822,15.4377953507613
FR,France,1971,32.0089591417485,16.4816822643232,15.5272768774252
FR,France,1972,32.470428853515,16.6231060727089,15.8473227808061
FR,France,1973,34.4059723112064,17.5247221371069,16.8812501740996
FR,France,1974,42.3557676233599,20.6302807987887,21.7254868245712
FR,France,1975,36.691736336041,18.8332004951754,17.8585358408655
FR,France,1976,39.5998708787581,19.3351723328393,20.2646985459187
FR,France,1977,40.6359698442343,20.2335670307392,20.4024028134951
FR,France,1978,39.4383488949127,20.2426745837098,19.1956743112029
FR,France,1979,41.0336254739961,20.7159538936742,20.3176715803219
FR,France,1980,43.5026672864511,20.9825796312283,22.5200876552228
FR,France,1981,45.4109434591213,21.9698618586821,23.4410816004392
FR,France,1982,45.2523852836828,21.3986951973501,23.8536900863327
FR,France,1983,45.1398283198465,22.436327077748,22.7035012420985
FR,France,1984,47.5418299082076,23.8354808141097,23.7063490940978
FR,France,1985,47.0163879903232,23.3242134965665,23.6921744937567
FR,France,1986,40.8879984679522,20.3834784359363,20.5045200320159
FR,France,1987,40.2927394586107,19.5973518165664,20.6953876420443
FR,France,1988,41.3922169441697,20.3667255718941,21.0254913722756
FR,France,1989,44.0017811278671,21.6581538248618,22.3436273030054
FR,France,1990,42.7360551888574,20.9757333804124,21.760321808445
FR,France,1991,42.983681489047,21.3348844239057,21.6487970651412
FR,France,1992,41.991612606025,21.3305593452775,20.6610532607475
FR,France,1993,39.9051237217838,20.7925794072246,19.1125443145592
FR,France,1994,41.8262397371907,21.6603227312909,20.1659170058998
FR,France,1995,43.6461285770923,22.6229260600867,21.0232025170056
FR,France,1996,44.3292399538117,23.055564872,21.2736750818117
FR,France,1997,48.0334968830664,25.52319541576,22.5103014673064
FR,France,1998,49.5067667927119,26.1264919786729,23.380274814039
FR,France,1999,49.7609206002288,26.0765353865349,23.6843852136939
FR,France,2000,55.8612457180345,28.5949742490286,27.2662714690058
FR,France,2001,54.9593680925757,28.2658952021844,26.6934728903914
FR,France,2002,53.0720247583335,27.5310502579308,25.5409745004028
FR,France,2003,50.7978335232353,26.1119689746398,24.6858645485955
FR,France,2004,51.9250078784333,26.4688363216607,25.4561715567725
FR,France,2005,53.9807067764121,27.0330510418171,26.947655734595
FR,France,2006,56.1034244496256,27.9350550901956,28.16836935943
FR,France,2007,56.420756583014,27.853257510199,28.5674990728149
FR,France,2008,57.3970828857949,28.1193848563025,29.2776980294924
FR,France,2009,50.462450850073,24.8355472102672,25.6269036398058
FR,France,2010,54.8677910818934,26.7882998402738,28.0794912416196
FR,France,2011,58.7905764224005,28.4213374764194,30.369238945981
FR,France,2012,59.7020591687875,29.2030271868495,30.499031981938
FR,France,2013,59.764055074913,29.3647378670492,30.3993172078638
FR,France,2014,60.4787965196196,29.666684498073,30.8121120215465
FR,France,2015,61.7516939345861,30.5926223781313,31.1590715564548
FR,France,2016,61.1001423821095,30.2475371833945,30.852605198715
GB,United Kingdom,1962,39.0443735638117,19.4231000587726,19.6212735050391
GB,United Kingdom,1963,39.0464984503246,19.3240440726467,19.7224543776779
GB,United Kingdom,1964,39.156472329516,18.7296521595391,20.4268201699768
GB,United Kingdom,1965,37.9056130476123,18.5120424545618,19.3935705930505
GB,United Kingdom,1966,37.6527939698256,18.7531405373601,18.8996534324654
GB,United Kingdom,1967,37.9907331660299,18.4760516243004,19.5146815417295
GB,United Kingdom,1968,42.1957976971383,20.6995154973438,21.4962821997945
GB,United Kingdom,1969,42.555612002484,21.4833629003566,21.0722491021274
GB,United Kingdom,1970,41.9020164918918,21.3531112376265,20.5489052542653
GB,United Kingdom,1971,41.5541074597437,21.4341250410779,20.1199824186658
GB,United Kingdom,1972,40.5230957768831,20.2048072119199,20.3182885649631
GB,United Kingdom,1973,46.2486878133191,21.9800623457261,24.2686254675929
GB,United Kingdom,1974,57.2682033952122,26.2622457843348,31.0059576108774
GB,United Kingdom,1975,51.4211765836338,24.87284422644,26.5483323571938
GB,United Kingdom,1976,55.9612898416377,27.4286363847045,28.5326534569332
GB,United Kingdom,1977,57.4230823652663,29.0532806200934,28.3698017451729
GB,United Kingdom,1978,53.5742485570583,27.4299922928929,26.1442562641654
GB,United Kingdom,1979,53.2634327256589,26.8096499158196,26.4537828098392
GB,United Kingdom,1980,49.9884744361304,26.0632209776344,23.925253458496
GB,United Kingdom,1981,48.1146897077132,25.4405163424197,22.6741733652935
GB,United Kingdom,1982,48.3365859830266,25.1005098468865,23.2360761361401
GB,United Kingdom,1983,49.5108999972136,25.227226293417,24.2836737037966
GB,United Kingdom,1984,53.9941984343385,26.9686681500868,27.0255302842517
GB,United Kingdom,1985,53.5420482569226,27.3139066913923,26.2281415655303
GB,United Kingdom,1986,49.2412827343162,24.3273300496453,24.9139526846709
GB,United Kingdom,1987,48.6263338852763,23.8559397102848,24.7703941749915
GB,United Kingdom,1988,46.1693200904487,21.4839271914961,24.6853928989526
GB,United Kingdom,1989,47.4544955446663,21.9398886166577,25.5146069280086
GB,United Kingdom,1990,47.0283292592009,22.6071918372253,24.4211374219756
GB,United Kingdom,1991,44.1609541087032,21.8958421429519,22.2651119657513
GB,United Kingdom,1992,45.1278209976643,22.2136594165167,22.9141615811476
GB,United Kingdom,1993,48.4802570457262,24.062966241554,24.4172908041722
GB,United Kingdom,1994,50.5617218154687,25.2703252701303,25.2913965453384
GB,United Kingdom,1995,50.0216175094739,25.1476605838381,24.8739569256358
GB,United Kingdom,1996,51.2823322618637,25.725566506389,25.5567657554747
GB,United Kingdom,1997,50.3121861672812,25.3993611907018,24.9128249765795
GB,United Kingdom,1998,48.3179619828941,23.8169844174658,24.5009775654283
GB,United Kingdom,1999,48.8157973850758,23.6888042375659,25.1269931475099
GB,United Kingdom,2000,51.7253091548009,24.9114831811159,26.813825973685
GB,United Kingdom,2001,51.7268246383394,24.6627762534276,27.0640483849119
GB,United Kingdom,2002,50.262900733417,23.7245510399372,26.5383496934797
GB,United Kingdom,2003,49.3556321179825,23.4814637891052,25.8741683288773
GB,United Kingdom,2004,49.3885839552608,23.41402775937,25.9745561958908
GB,United Kingdom,2005,51.9241362574914,24.7007927255603,27.2233435319312
GB,United Kingdom,2006,55.7870171403,26.7215680175073,29.0654491227927
GB,United Kingdom,2007,52.0090927845485,24.8685970669023,27.1404957176462
GB,United Kingdom,2008,55.9461474772692,26.7387055037486,29.2074419735206
GB,United Kingdom,2009,54.1475384348168,26.1524590281243,27.9950794066925
GB,United Kingdom,2010,58.5384505872882,28.1635638180597,30.3748867692284
GB,United Kingdom,2011,62.0101231586103,30.4434172105858,31.5667059480246
GB,United Kingdom,2012,61.0876779446854,29.788534935615,31.2991430090704
GB,United Kingdom,2013,61.0946054354991,29.7230471905877,31.3715582449114
GB,United Kingdom,2014,58.0307922539507,28.2108881713609,29.8199040825898
GB,United Kingdom,2015,56.2391637686534,27.4079180774317,28.8312456912217
GB,United Kingdom,2016,58.1261766802537,28.2789648666378,29.8472118136159
GR,Greece,1962,25.3969577561724,9.06245284038361,16.3345049157888
GR,Greece,1963,26.7330632895555,9.35047759431657,17.3825856952389
GR,Greece,1964,26.926352538859,8.5423839779736,18.3839685608854
GR,Greece,1965,27.9983929303089,8.36350872961251,19.6348842006963
GR,Greece,1966,28.6438713248247,10.4989522772474,18.1449190475773
GR,Greece,1967,27.3931715597711,9.93638118191299,17.4567903778581
GR,Greece,1968,26.7293939874267,8.94470044174044,17.7846935456862
GR,Greece,1969,27.1472143795091,9.06415340736086,18.0830609721483
GR,Greece,1970,23.1099432945152,7.88292633821839,15.2270169562968
GR,Greece,1971,23.3191999373868,8.1568631726586,15.1623367647282
GR,Greece,1972,25.317664166809,9.12991143695986,16.1877527298491
GR,Greece,1973,31.7303507050904,11.6374962107904,20.0928544943
GR,Greece,1974,35.4769068062614,14.2157058523389,21.2612009539225
GR,Greece,1975,35.3229907141739,14.1416562163341,21.1813344978398
GR,Greece,1976,34.8786922444993,14.0486788101933,20.830013434306
GR,Greece,1977,34.6615836934354,13.9802280479761,20.6813556454593
GR,Greece,1978,33.1365956643507,13.6527311964461,19.4838644679046
GR,Greece,1979,35.5322117114342,15.173780857282,20.3584308541522
GR,Greece,1980,44.5858238010235,19.324077397404,25.2617464036195
GR,Greece,1981,47.1403354745787,21.3894636084805,25.7508718660982
GR,Greece,1982,41.8515323822009,17.2091028949374,24.6424294872635
GR,Greece,1983,41.1755423934634,16.4761375265379,24.6994048669255
GR,Greece,1984,40.8984853797075,16.8009614993221,24.0975238803854
GR,Greece,1985,40.3879757055887,16.1337964903955,24.2541792151932
GR,Greece,1986,42.6520449558576,17.6945214753118,24.9575234805459
GR,Greece,1987,42.3183569569429,18.1240762959,24.1942806610429
GR,Greece,1988,39.6132347161484,16.3145789342959,23.2986557818526
GR,Greece,1989,40.7838553083406,15.9457521193263,24.8381031890143
GR,Greece,1990,40.1283071274251,14.7785889725068,25.3497181549182
GR,Greece,1991,38.5927873229398,14.1996393563677,24.3931479665721
GR,Greece,1992,38.8225929412009,14.8788393387365,23.9437536024645
GR,Greece,1993,37.0258986062577,14.0477673647043,22.9781312415535
GR,Greece,1994,36.1631218934692,14.4456091463048,21.7175127471644
GR,Greece,1995,37.1078807984061,14.4252834909638,22.6825973074423
GR,Greece,1996,37.4962334395069,14.2869572693077,23.2092761701992
GR,Greece,1997,39.2742287484754,16.2222652425479,23.0519635059274
GR,Greece,1998,42.2682802501338,16.2965833756753,25.9716968744585
GR,Greece,1999,47.3775984365774,19.2560788540331,28.1215195825443
GR,Greece,2000,58.4156775406902,23.7183809141659,34.6972966265243
GR,Greece,2001,56.1399692678095,22.788744320873,33.3512249469365
GR,Greece,2002,50.3489962575686,20.1128544460134,30.2361418115552
GR,Greece,2003,48.1900537175606,18.5445830443658,29.6454706731948
GR,Greece,2004,49.8984415953514,20.7081145744875,29.190327020864
GR,Greece,2005,50.9008641205698,21.3122304275532,29.5886336930166
GR,Greece,2006,52.8502386406672,21.1740087896788,31.6762298509885
GR,Greece,2007,57.5243742223839,22.5202697630197,35.0041044593642
GR,Greece,2008,59.3297157210787,23.3615691198983,35.9681466011804
GR,Greece,2009,47.7438465419344,18.9821866963597,28.7616598455747
GR,Greece,2010,52.8290979327057,22.1022051218367,30.726892810869
GR,Greece,2011,57.8446200446513,25.5354159285239,32.3092041161275
GR,Greece,2012,61.8177666440886,28.6839940157939,33.1337726282947
GR,Greece,2013,63.5191424472248,30.3534285061372,33.1657139410876
GR,Greece,2014,67.1494536906228,32.3730407059617,34.7764129846611
GR,Greece,2015,63.0551607750752,31.5532707138237,31.5018900612515
GR,Greece,2016,60.8405277004676,30.0637459339879,30.7767817664797
HU,Hungary,1962,,,
HU,Hungary,1963,,,
HU,Hungary,1964,,,
HU,Hungary,1965,,,
HU,Hungary,1966,,,
HU,Hungary,1967,,,
HU,Hungary,1968,,,
HU,Hungary,1969,,,
HU,Hungary,1970,,,
HU,Hungary,1971,,,
HU,Hungary,1972,,,
HU,Hungary,1973,,,
HU,Hungary,1974,,,
HU,Hungary,1975,,,
HU,Hungary,1976,,,
HU,Hungary,1977,,,
HU,Hungary,1978,,,
HU,Hungary,1979,,,
HU,Hungary,1980,,,
HU,Hungary,1981,,,
HU,Hungary,1982,,,
HU,Hungary,1983,,,
HU,Hungary,1984,,,
HU,Hungary,1985,,,
HU,Hungary,1986,,,
HU,Hungary,1987,,,
HU,Hungary,1988,,,
HU,Hungary,1989,,,
HU,Hungary,1990,,,
HU,Hungary,1991,58.2710457850948,28.7385003038616,29.5325454812332
HU,Hungary,1992,55.35592533148,27.5863522785112,27.7695730529689
HU,Hungary,1993,53.4749030083565,23.1679649520035,30.306938056353
HU,Hungary,1994,56.3703873526934,25.374666572958,30.9957207797354
HU,Hungary,1995,78.2640717810733,39.1482809148553,39.1157908662179
HU,Hungary,1996,83.1866331651518,41.8457994312081,41.3408337339438
HU,Hungary,1997,94.7509508060129,47.8735737909806,46.8773770150323
HU,Hungary,1998,107.209985089616,52.8482314922501,54.3617535973657
HU,Hungary,1999,113.726208050693,55.5183103524513,58.2078976982413
HU,Hungary,2000,136.990371738763,66.6774581174606,70.3129136213028
HU,Hungary,2001,130.697897819683,64.7348482735801,65.9630495461029
HU,Hungary,2002,117.95138503124,57.9719385855902,59.9794464456496
HU,Hungary,2003,116.428384300513,56.2506668349799,60.1777174655328
HU,Hungary,2004,122.982849289836,59.5350894172198,63.4477598726162
HU,Hungary,2005,127.353678299707,62.5494284544067,64.8042498453006
HU,Hungary,2006,149.052826370595,73.9822765073129,75.0705498632825
HU,Hungary,2007,155.20008517063,77.9439727410371,77.2561124295927
HU,Hungary,2008,158.207962673611,79.2894659521366,78.9184967214748
HU,Hungary,2009,144.781390101437,74.4103979760681,70.3709921253692
HU,Hungary,2010,158.352697867102,81.8294403528221,76.5232575142796
HU,Hungary,2011,167.38804373993,86.7450372087019,80.6430065312279
HU,Hungary,2012,166.125856222689,86.4054192020142,79.7204370206744
HU,Hungary,2013,164.348415700949,85.6583995727354,78.6900161282138
HU,Hungary,2014,168.968519085042,87.6748895389263,81.2936295461152
HU,Hungary,2015,169.838228404571,88.9688478824934,80.8693805220772
HU,Hungary,2016,169.444823906601,89.7262054159608,79.7186184906399
IE,Ireland,1962,66.7473499184124,29.908390537866,36.8389593805464
IE,Ireland,1963,69.7259674219202,31.115618265564,38.6103491563561
IE,Ireland,1964,69.7768359751814,30.9639587064679,38.8128772687135
IE,Ireland,1965,73.8007775559928,32.282568481721,41.5182090742718
IE,Ireland,1966,75.4163262318285,34.5363334338156,40.8799927980129
IE,Ireland,1967,73.8273013291116,35.1014495577274,38.7258517713842
IE,Ireland,1968,78.8544792144789,36.0214142448746,42.8330649696043
IE,Ireland,1969,78.468157150235,34.6197718315395,43.8483853186955
IE,Ireland,1970,74.3369967119943,33.0522044341872,41.2847922778071
IE,Ireland,1971,72.1174763913576,32.2854553521996,39.832021039158
IE,Ireland,1972,67.5482851251683,30.898938384906,36.6493467402624
IE,Ireland,1973,75.145659517921,33.9787049169534,41.1669546009676
IE,Ireland,1974,90.5682214725526,38.0619922006945,52.506229271858
IE,Ireland,1975,82.9473505058103,38.1762518730419,44.7710986327684
IE,Ireland,1976,91.1293009376372,41.3605231871021,49.7687777505351
IE,Ireland,1977,97.8826399421353,44.1639368312092,53.7187031109261
IE,Ireland,1978,99.5929174542237,44.6470770026684,54.9458404515553
IE,Ireland,1979,105.173200880294,44.45778186799,60.715419012304
IE,Ireland,1980,102.180744470075,44.3091435331559,57.8716009369193
IE,Ireland,1981,100.853811949638,43.3232991397518,57.5305128098865
IE,Ireland,1982,93.85725881875,42.9850863937666,50.8721724249834
IE,Ireland,1983,97.6195692812589,46.8980935628804,50.7214757183785
IE,Ireland,1984,108.175917316957,53.2464595109608,54.9294578059962
IE,Ireland,1985,107.632473370665,53.9732278897485,53.6592454809169
IE,Ireland,1986,97.0093099153858,49.0404103791536,47.9688995362322
IE,Ireland,1987,100.623712469465,52.3771054266444,48.2466070428201
IE,Ireland,1988,105.092574193872,55.5259280071448,49.5666461867268
IE,Ireland,1989,112.330810838363,58.8577603581998,53.4730504801635
IE,Ireland,1990,104.90381432488,54.6408000927814,50.2630142320984
IE,Ireland,1991,106.312913581341,55.5153687715901,50.7975448097508
IE,Ireland,1992,109.414435299748,58.3356200446822,51.0788152550656
IE,Ireland,1993,116.4632299512,63.2911915420768,53.1720384091228
IE,Ireland,1994,126.337624611344,67.8787623121871,58.4588622991567
IE,Ireland,1995,135.940348807072,73.4320619051562,62.5082869019156
IE,Ireland,1996,138.703737774174,74.8183483375703,63.8853894366042
IE,Ireland,1997,142.321899573064,77.1532026753973,65.1686968976664
IE,Ireland,1998,157.977961345664,84.4339332133713,73.5440281322926
IE,Ireland,1999,160.143963948608,86.6077080713767,73.5362558772318
IE,Ireland,2000,175.140015305904,94.489514667878,80.6505006380259
IE,Ireland,2001,175.027857291,95.3262971729131,79.7015601180873
IE,Ireland,2002,163.765542664704,90.4749947177667,73.2905479469373
IE,Ireland,2003,146.552258110957,80.852043250907,65.7002148600499
IE,Ireland,2004,146.696891060678,80.5356210256648,66.1612700350127
IE,Ireland,2005,148.279869735847,79.5836674442647,68.696202291582
IE,Ireland,2006,149.958964447509,79.0015708748446,70.9573935726644
IE,Ireland,2007,153.293677102479,80.7824180853658,72.5112590171128
IE,Ireland,2008,159.625155922192,84.1149719738456,75.5101839483462
IE,Ireland,2009,172.998737646637,93.2367060731826,79.7620315734548
IE,Ireland,2010,189.421701644393,103.019290182287,86.4024114621054
IE,Ireland,2011,188.755762905901,103.791020586559,84.9647423193418
IE,Ireland,2012,191.537017476589,104.509633606792,87.027383869797
IE,Ireland,2013,188.521590741519,103.664147645544,84.8574430959743
IE,Ireland,2014,201.990345620904,110.025496775393,91.9648488455117
IE,Ireland,2015,215.136640507082,121.965038601737,93.1716019053451
IE,Ireland,2016,226.041377263329,120.815306582385,105.226070680944
IT,Italy,1962,25.8755409575001,12.6705820051651,13.204958952335
IT,Italy,1963,26.5084657772743,12.1648892158775,14.3435765613968
IT,Italy,1964,25.53170551103,12.8182632951046,12.7134422159254
IT,Italy,1965,26.4162308524716,14.2891816966252,12.1270491558464
IT,Italy,1966,27.7056058298763,14.698292555773,13.0073132741033
IT,Italy,1967,27.9617832066279,14.4631802456824,13.4986029609455
IT,Italy,1968,28.5140999078899,15.2407957181034,13.2733041897865
IT,Italy,1969,30.3906037756984,15.8441183215368,14.5464854541615
IT,Italy,1970,30.1912584220186,15.2108509384409,14.9804074835777
IT,Italy,1971,30.4894422046465,15.6286678887418,14.8607743159048
IT,Italy,1972,31.9205398429225,16.3644272693301,15.5561125735924
IT,Italy,1973,34.1691483393825,16.1556998228957,18.0134485164868
IT,Italy,1974,40.9279674122288,18.5818175106328,22.346149901596
IT,Italy,1975,37.5152662444838,18.7907036121654,18.7245626323184
IT,Italy,1976,41.3185519551361,20.1072474403287,21.2113045148073
IT,Italy,1977,41.937956135554,21.4463838107711,20.4915723247829
IT,Italy,1978,41.3949819522803,21.7463988442089,19.6485831080714
IT,Italy,1979,43.8446589686697,22.4550756744814,21.3895832941883
IT,Italy,1980,43.1044474142936,20.2490843141496,22.8553631001441
IT,Italy,1981,45.4209512581164,21.7329508563984,23.688000401718
IT,Italy,1982,43.6417915602755,21.1858706705101,22.4559208897655
IT,Italy,1983,40.313096532106,20.3963581237464,19.9167384083596
IT,Italy,1984,42.5659193832669,21.0701549650148,21.4957644182521
IT,Italy,1985,42.7680261645398,21.1784686788858,21.589557485654
IT,Italy,1986,36.274427598017,18.7622813220656,17.5121462759514
IT,Italy,1987,35.6718027051722,18.0401647891046,17.6316379160676
IT,Italy,1988,35.2188914358889,17.6328350725323,17.5860563633565
IT,Italy,1989,37.1665167474519,18.574434433877,18.5920823135749
IT,Italy,1990,36.4332635799018,18.3164108639657,18.1168527159362
IT,Italy,1991,33.9824506258543,17.0891653368666,16.8932852889877
IT,Italy,1992,35.0208955815969,17.5337287048275,17.4871668767694
IT,Italy,1993,37.8752992301677,20.4627455409131,17.4125536892545
IT,Italy,1994,40.5793871066172,21.9393308522163,18.6400562544009
IT,Italy,1995,45.8249854769126,24.7494729352799,21.0755125416327
IT,Italy,1996,42.9828399542971,23.7629253509155,19.2199146033816
IT,Italy,1997,44.6817471307566,24.2002801804106,20.481466950346
IT,Italy,1998,45.2099802774021,24.1226878567538,21.0872924206484
IT,Italy,1999,44.7251705646909,23.2504884796622,21.4746820850287
IT,Italy,2000,50.4745186728631,25.6577863853798,24.8167322874833
IT,Italy,2001,50.208223912999,25.7317516138008,24.4764722991982
IT,Italy,2002,48.1984169644958,24.4721815564371,23.7262354080587
IT,Italy,2003,46.2686386863224,23.3607361306775,22.907902555645
IT,Italy,2004,47.5436435914844,24.0629021998426,23.4807413916418
IT,Italy,2005,49.4138148269597,24.6516623364506,24.7621524905092
IT,Italy,2006,53.292274830165,26.2279674936618,27.0643073365032
IT,Italy,2007,55.2136471865318,27.4271989427112,27.7864482438206
IT,Italy,2008,54.7180076742909,26.9645427371049,27.7534649371859
IT,Italy,2009,45.6091167384025,22.476595932438,23.1325208059645
IT,Italy,2010,52.3455973754055,25.1882111380109,27.1573862373946
IT,Italy,2011,55.582987559596,27.0063462201189,28.5766413394771
IT,Italy,2012,56.1848797314762,28.5863636786269,27.5985160528493
IT,Italy,2013,55.4665897544128,28.8625862995935,26.6040034548193
IT,Italy,2014,55.7597689815536,29.3065130489857,26.4532559325679
IT,Italy,2015,56.9313063356168,29.9149426536909,27.0163636819259
IT,Italy,2016,56.0439016134225,29.6237004563789,26.4202011570436
LU,Luxembourg,1962,155.977294228686,81.7858584800695,74.1914357486168
LU,Luxembourg,1963,152.089719672038,79.5080894058701,72.5816302661677
LU,Luxembourg,1964,154.376569504599,80.630475185562,73.7460943190365
LU,Luxembourg,1965,158.104811717028,83.0013679697415,75.1034437472869
LU,Luxembourg,1966,150.086710694351,79.463225452284,70.6234852420669
LU,Luxembourg,1967,147.120048888798,80.7670298963942,66.3530189924038
LU,Luxembourg,1968,149.041617171524,82.8283497329417,66.2132674385827
LU,Luxembourg,1969,152.254248582133,86.7025195534212,65.5517290287122
LU,Luxembourg,1970,156.672474257827,88.0670386796691,68.6054355781577
LU,Luxembourg,1971,163.791134703464,87.335368659391,76.4557660440732
LU,Luxembourg,1972,151.647905301309,82.1211836814993,69.5267216198096
LU,Luxembourg,1973,157.897912214941,88.5108942314215,69.3870179835194
LU,Luxembourg,1974,175.450583654262,101.692055958564,73.7585276956983
LU,Luxembourg,1975,171.450758019316,91.6247614080113,79.8259966113051
LU,Luxembourg,1976,161.839062262069,87.3150062450903,74.5240560169783
LU,Luxembourg,1977,161.01933356343,86.0612888908398,74.9580446725901
LU,Luxembourg,1978,157.597772068005,83.0064018222279,74.5913702457769
LU,Luxembourg,1979,168.756184975624,90.0884238166504,78.6677611589734
LU,Luxembourg,1980,168.525203389274,87.7072395095348,80.8179638797393
LU,Luxembourg,1981,166.939500037453,85.8508591897252,81.0886408477279
LU,Luxembourg,1982,170.287794546544,88.1860590110818,82.1017355354626
LU,Luxembourg,1983,170.974699772782,89.4086821266158,81.5660176461661
LU,Luxembourg,1984,190.185735111569,100.162472660843,90.0232624507259
LU,Luxembourg,1985,201.132542740992,107.460016121156,93.6725266198364
LU,Luxembourg,1986,183.574500921306,98.3406900697425,85.2338108515636
LU,Luxembourg,1987,182.467729990123,95.6028835027196,86.8648464874032
LU,Luxembourg,1988,183.929892860934,97.1380688503304,86.7918240106036
LU,Luxembourg,1989,185.991468847137,99.8615358033693,86.1299330437677
LU,Luxembourg,1990,182.86894856142,97.8007609925223,85.0681875688982
LU,Luxembourg,1991,183.690727697904,97.6955360900621,85.9951916078419
LU,Luxembourg,1992,177.769141680833,96.707857053524,81.0612846273085
LU,Luxembourg,1993,176.667949910708,96.9689675322849,79.6989823784227
LU,Luxembourg,1994,180.950603784565,100.180980034529,80.7696237500355
LU,Luxembourg,1995,184.615134976502,102.475306045934,82.1398289305673
LU,Luxembourg,1996,190.432181126353,106.524281977711,83.9078991486428
LU,Luxembourg,1997,210.582263607924,115.847004216419,94.7352593915052
LU,Luxembourg,1998,232.890088784925,126.178536185983,106.711552598942
LU,Luxembourg,1999,239.216927815784,130.829615551375,108.387312264409
LU,Luxembourg,2000,271.950966356649,148.484907700666,123.466058655983
LU,Luxembourg,2001,271.344448796917,147.439463050704,123.904985746213
LU,Luxembourg,2002,258.843148263393,141.96461158688,116.878536676513
LU,Luxembourg,2003,254.101052437033,138.90022793065,115.200824506383
LU,Luxembourg,2004,281.208393928219,153.035736645875,128.172657282344
LU,Luxembourg,2005,297.772974229331,161.676408809019,136.096565420312
LU,Luxembourg,2006,320.598261765662,176.246890384932,144.35137138073
LU,Luxembourg,2007,332.50484932692,182.888001090727,149.616848236193
LU,Luxembourg,2008,343.561828330302,187.111880717512,156.449947612789
LU,Luxembourg,2009,295.972806200216,164.069506600635,131.903299599581
LU,Luxembourg,2010,316.161400227568,174.523090007987,141.638310219581
LU,Luxembourg,2011,323.449607347643,177.989656164445,145.459951183197
LU,Luxembourg,2012,341.862022195953,186.444307394605,155.417714801349
LU,Luxembourg,2013,349.241939063509,190.628582291961,158.613356771548
LU,Luxembourg,2014,392.804183547751,212.607099406063,180.197084141687
LU,Luxembourg,2015,416.389235822583,224.840709934264,191.548525888319
LU,Luxembourg,2016,413.515382278095,223.616412561028,189.898969717067
LV,Latvia,1962,,,
LV,Latvia,1963,,,
LV,Latvia,1964,,,
LV,Latvia,1965,,,
LV,Latvia,1966,,,
LV,Latvia,1967,,,
LV,Latvia,1968,,,
LV,Latvia,1969,,,
LV,Latvia,1970,,,
LV,Latvia,1971,,,
LV,Latvia,1972,,,
LV,Latvia,1973,,,
LV,Latvia,1974,,,
LV,Latvia,1975,,,
LV,Latvia,1976,,,
LV,Latvia,1977,,,
LV,Latvia,1978,,,
LV,Latvia,1979,,,
LV,Latvia,1980,,,
LV,Latvia,1981,,,
LV,Latvia,1982,,,
LV,Latvia,1983,,,
LV,Latvia,1984,,,
LV,Latvia,1985,,,
LV,Latvia,1986,,,
LV,Latvia,1987,,,
LV,Latvia,1988,,,
LV,Latvia,1989,,,
LV,Latvia,1990,,,
LV,Latvia,1991,,,
LV,Latvia,1992,,,
LV,Latvia,1993,,,
LV,Latvia,1994,,,
LV,Latvia,1995,73.87676271138,34.5670547284372,39.3097079829428
LV,Latvia,1996,89.9170971630313,40.4505478367731,49.4665493262581
LV,Latvia,1997,88.471121538919,39.7145115685142,48.7566099704048
LV,Latvia,1998,90.4436508681137,39.1888195962614,51.2548312718523
LV,Latvia,1999,79.8714376546922,35.0311664359105,44.8402712187817
LV,Latvia,2000,81.752907834797,36.882606069294,44.8703017655029
LV,Latvia,2001,86.493976769262,38.0559900140963,48.4379867551657
LV,Latvia,2002,83.2986584574345,36.5800965815376,46.7185618758969
LV,Latvia,2003,84.7807482969911,36.1187276704655,48.6620206265256
LV,Latvia,2004,93.7133509981055,39.0813534077938,54.6319975903117
LV,Latvia,2005,100.833397562092,43.1754051118639,57.6579924502281
LV,Latvia,2006,100.618599561276,39.973283599937,60.6453159613387
LV,Latvia,2007,95.9230193431634,38.4509870811424,57.4720322620211
LV,Latvia,2008,92.0013789855011,39.5423189008689,52.4590600846323
LV,Latvia,2009,86.8264215410616,42.6028809354938,44.2235406055679
LV,Latvia,2010,108.788986837409,53.6573244074927,55.1316624299158
LV,Latvia,2011,120.611250854009,57.8166930103743,62.7945578436352
LV,Latvia,2012,127.065798888064,61.309482169862,65.756316718202
LV,Latvia,2013,124.158110025073,60.3041798096319,63.8539302154408
LV,Latvia,2014,122.927193787256,60.7408755710594,62.1863182161966
LV,Latvia,2015,121.347425305683,60.4223076962297,60.9251176094529
LV,Latvia,2016,118.803709544677,59.9789788847067,58.8247306599708
NL,Netherlands,1962,91.4720077914338,45.9426042281739,45.5294035632599
NL,Netherlands,1963,92.7452941601509,46.0326918446597,46.7126023154912
NL,Netherlands,1964,91.2954842587883,44.6109586193346,46.6845256394537
NL,Netherlands,1965,85.7964651995363,42.8107866340402,42.9856785654961
NL,Netherlands,1966,84.208825838531,41.6514807868452,42.5573450516858
NL,Netherlands,1967,81.3597140757436,40.4676310118428,40.8920830639007
NL,Netherlands,1968,81.4302331657933,40.9376263598006,40.4926068059927
NL,Netherlands,1969,84.629134512644,42.4568087379793,42.1723257746646
NL,Netherlands,1970,86.4466984354809,43.1424670553163,43.3042313801646
NL,Netherlands,1971,85.3728204964978,43.4063963131825,41.9664241833153
NL,Netherlands,1972,82.6921021158178,43.3636810111324,39.3284211046854
NL,Netherlands,1973,86.1600117234006,45.4143859316735,40.7456257917272
NL,Netherlands,1974,96.0362824791275,50.3816206578427,45.6546618212848
NL,Netherlands,1975,90.4475315100993,47.4893995944216,42.9581319156777
NL,Netherlands,1976,92.7764382256057,48.5562499324375,44.2201882931682
NL,Netherlands,1977,89.674308076242,45.9445349518193,43.7297731244227
NL,Netherlands,1978,86.4345059813156,43.8650737957814,42.5694321855342
NL,Netherlands,1979,94.5487946680692,47.8612394896838,46.6875551783854
NL,Netherlands,1980,99.8291442825222,50.4206047068041,49.408539575718
NL,Netherlands,1981,104.874364897635,54.8934338013254,49.9809310963093
NL,Netherlands,1982,104.508803954229,54.9040457422208,49.6047582120086
NL,Netherlands,1983,104.819286281266,54.592028010882,50.2272582703844
NL,Netherlands,1984,110.543264141989,58.3984113926613,52.1448527493272
NL,Netherlands,1985,114.483130914594,59.9046524623898,54.5784784522038
NL,Netherlands,1986,97.1324968933986,50.7858608540348,46.3466360393638
NL,Netherlands,1987,95.6744234359459,49.450765218981,46.2236582169649
NL,Netherlands,1988,99.9876920933965,51.7372822679942,48.2504098254023
NL,Netherlands,1989,106.039497712904,55.032019243251,51.0074784696532
NL,Netherlands,1990,104.033369558724,54.4147456005935,49.6186239581303
NL,Netherlands,1991,105.109404274345,55.1090140475996,50.000390226745
NL,Netherlands,1992,101.999677972683,53.3760699345224,48.6236080381603
NL,Netherlands,1993,98.9411231531971,52.6120824353078,46.3290407178893
NL,Netherlands,1994,102.950734816331,54.735650896803,48.2150839195277
NL,Netherlands,1995,107.81861160927,57.2209730326782,50.5976385765915
NL,Netherlands,1996,108.732970620239,57.3884657236126,51.3445048966268
NL,Netherlands,1997,114.340759688494,60.3599551275451,53.980804560949
NL,Netherlands,1998,112.552023231337,59.3403416223893,53.2116816089476
NL,Netherlands,1999,114.401884331961,59.9050205145199,54.496863817441
NL,Netherlands,2000,125.521949881307,66.0332693962704,59.4886804850367
NL,Netherlands,2001,120.038764757274,63.2984076981661,56.740357059108
NL,Netherlands,2002,113.457397877227,60.148422487264,53.3089753899632
NL,Netherlands,2003,111.920009360192,59.2841403248767,52.6358690353152
NL,Netherlands,2004,117.608627471726,62.6742441704485,54.9343833012776
NL,Netherlands,2005,122.806657675042,65.632085215917,57.1745724591247
NL,Netherlands,2006,127.772151379019,68.1811183379922,59.5910330410267
NL,Netherlands,2007,130.457871020883,68.7754574672546,61.6824135536282
NL,Netherlands,2008,131.05989202686,69.7936334784718,61.2662585483886
NL,Netherlands,2009,116.889549678159,62.2370135170171,54.6525361611415
NL,Netherlands,2010,131.522074134799,69.8036724776943,61.718401657105
NL,Netherlands,2011,142.471773282141,75.5030683053513,66.9687049767897
NL,Netherlands,2012,149.268415200791,79.5033738356974,69.765041365094
NL,Netherlands,2013,149.549331302435,79.880477786038,69.6688535163968
NL,Netherlands,2014,150.053755435106,80.5779081541485,69.4758472809578
NL,Netherlands,2015,157.816576039698,82.658896708444,75.1576793312541
NL,Netherlands,2016,148.858664731618,79.5351647591471,69.3234999724707
PL,Poland,1962,,,
PL,Poland,1963,,,
PL,Poland,1964,,,
PL,Poland,1965,,,
PL,Poland,1966,,,
PL,Poland,1967,,,
PL,Poland,1968,,,
PL,Poland,1969,,,
PL,Poland,1970,,,
PL,Poland,1971,,,
PL,Poland,1972,,,
PL,Poland,1973,,,
PL,Poland,1974,,,
PL,Poland,1975,,,
PL,Poland,1976,,,
PL,Poland,1977,,,
PL,Poland,1978,,,
PL,Poland,1979,,,
PL,Poland,1980,,,
PL,Poland,1981,,,
PL,Poland,1982,,,
PL,Poland,1983,,,
PL,Poland,1984,,,
PL,Poland,1985,,,
PL,Poland,1986,,,
PL,Poland,1987,,,
PL,Poland,1988,,,
PL,Poland,1989,,,
PL,Poland,1990,,,
PL,Poland,1991,,,
PL,Poland,1992,,,
PL,Poland,1993,,,
PL,Poland,1994,,,
PL,Poland,1995,43.6783943507513,22.9605173449227,20.7178770058285
PL,Poland,1996,45.4755428165937,22.0946007054355,23.3809421111583
PL,Poland,1997,50.4739418237849,23.3594100353779,27.1145317884069
PL,Poland,1998,56.6604517629977,25.9819822792747,30.678469483723
PL,Poland,1999,54.0215391059088,24.1244818331558,29.8970572727529
PL,Poland,2000,60.7905396541523,27.2288811486492,33.5616585055031
PL,Poland,2001,58.0752691756392,27.2298820217084,30.8453871539308
PL,Poland,2002,60.9243811511711,28.7581820290198,32.1661991221512
PL,Poland,2003,69.4373056872318,33.3912971522466,36.0460085349852
PL,Poland,2004,71.2131669706836,34.2648184150678,36.9483485556158
PL,Poland,2005,70.2749609275615,34.6096996571318,35.6652612704297
PL,Poland,2006,77.7913937245753,37.8639851040919,39.9274086204834
PL,Poland,2007,80.6620046227492,38.564590078351,42.0974145443982
PL,Poland,2008,80.7544540767253,37.8569890106985,42.8974650660268
PL,Poland,2009,75.2259132726234,37.1844501708196,38.0414631018038
PL,Poland,2010,82.1083264489399,40.055130499039,42.053195949901
PL,Poland,2011,87.082722756353,42.5631723792845,44.5195503770685
PL,Poland,2012,89.327462141553,44.4435920646854,44.8838700768676
PL,Poland,2013,90.6918664127781,46.3198331819457,44.3720332308324
PL,Poland,2014,93.6969246060578,47.5689217230576,46.1280028830002
PL,Poland,2015,95.9027967568553,49.4978969330551,46.4048998238001
PL,Poland,2016,100.352692368863,52.1945482055889,48.1581441632744
PT,Portugal,1962,34.2253828493223,15.2621014208003,18.963281428522
PT,Portugal,1963,35.8807446539982,15.9371365738793,19.9436080801189
PT,Portugal,1964,46.0262967956667,21.391730677092,24.6345661185747
PT,Portugal,1965,48.3339531461499,22.4347413747715,25.8992117713784
PT,Portugal,1966,48.2452358081908,22.682341906299,25.5628939018918
PT,Portugal,1967,47.0965716232516,22.7972083455592,24.2993632776924
PT,Portugal,1968,45.4948659765489,20.9603014646203,24.5345645119285
PT,Portugal,1969,44.0157768087661,20.4586328977221,23.557143911044
PT,Portugal,1970,43.2081224228401,19.1072630836026,24.1008593392375
PT,Portugal,1971,44.6685975676484,19.6471926739932,25.0214048936552
PT,Portugal,1972,46.2266886613462,21.3344521927334,24.8922364686128
PT,Portugal,1973,47.2312838411103,20.9371326035157,26.2941512375945
PT,Portugal,1974,53.9348988165142,21.0475260000054,32.8873728165088
PT,Portugal,1975,41.5280818336654,15.9804113628396,25.5476704708259
PT,Portugal,1976,37.7099645940842,13.6571540416264,24.0528105524578
PT,Portugal,1977,40.5232575269443,14.4324444576262,26.0908130693181
PT,Portugal,1978,41.1254553440222,15.7590491264163,25.3664062176059
PT,Portugal,1979,50.7270687382793,21.1933792149231,29.5336895233561
PT,Portugal,1980,54.2286755222862,21.4519136349649,32.7767618873213
PT,Portugal,1981,55.569503533819,20.327482509149,35.24202102467
PT,Portugal,1982,55.7555212427823,20.6804175009025,35.0751037418798
PT,Portugal,1983,58.9204261697896,24.5475658259657,34.3728603438239
PT,Portugal,1984,64.4040715109832,29.1749968216451,35.229074689338
PT,Portugal,1985,61.5086617802629,29.2377519779607,32.2709098023021
PT,Portugal,1986,54.0132510546644,25.9908275775375,28.0224234771269
PT,Portugal,1987,59.5684156598238,27.3342986939417,32.2341169658821
PT,Portugal,1988,63.1915685574034,27.6323577128011,35.5592108446023
PT,Portugal,1989,64.8608141001867,29.4605918365715,35.4002222636152
PT,Portugal,1990,65.0475085582684,29.1646258915704,35.882882666698
PT,Portugal,1991,60.3591287100343,26.5434161657707,33.8157125442636
PT,Portugal,1992,56.3003265260009,24.4548535693468,31.8454729566541
PT,Portugal,1993,54.1685401539278,23.5964644305478,30.57207572338
PT,Portugal,1994,57.1702836526763,25.1296433204711,32.0406403322052
PT,Portugal,1995,59.9070322422103,26.765554039587,33.1414782026233
PT,Portugal,1996,60.2082250457434,26.5468088870944,33.661416158649
PT,Portugal,1997,62.2873146579535,27.1454164091975,35.1418982487561
PT,Portugal,1998,63.8106832010488,27.3218355632049,36.488847637844
PT,Portugal,1999,63.2931829068912,26.4718665153461,36.8213163915451
PT,Portugal,2000,67.4233901255275,28.19085673866,39.2325333868675
PT,Portugal,2001,65.0640677962159,27.4239965888504,37.6400712073655
PT,Portugal,2002,62.1610538054401,26.945552821905,35.2155009835351
PT,Portugal,2003,60.4382672080898,26.7517090393724,33.6865581687173
PT,Portugal,2004,62.7629806669567,27.2543875345978,35.5085931323589
PT,Portugal,2005,62.5718057280122,26.7342551972326,35.8375505307797
PT,Portugal,2006,68.0730362336936,29.9170673289114,38.1559689047822
PT,Portugal,2007,69.6530798312034,31.0057427828733,38.6473370483301
PT,Portugal,2008,71.963328063325,31.1252705012107,40.8380575621142
PT,Portugal,2009,61.0822773378283,27.0807114054582,34.0015659323701
PT,Portugal,2010,67.3048494042777,29.8732519100281,37.4315974942496
PT,Portugal,2011,72.8638805710354,34.2913336262909,38.5725469447445
PT,Portugal,2012,75.9289614710258,37.7105706067037,38.2183908643221
PT,Portugal,2013,78.0273442908481,39.516176040327,38.5111682505211
PT,Portugal,2014,79.9597559623838,40.0743741060985,39.8853818562853
PT,Portugal,2015,80.2229566172975,40.4026096326703,39.8203469846272
PT,Portugal,2016,78.9156708978573,40.0144586737405,38.9012122241167
SE,Sweden,1962,43.2973363185707,21.9048553694439,21.3924809491268
SE,Sweden,1963,43.4608716676719,21.9423378540379,21.518533813634
SE,Sweden,1964,44.2155724224122,22.3228790886713,21.8926933337409
SE,Sweden,1965,44.4004541560109,21.8565762927295,22.5438778632814
SE,Sweden,1966,43.355038331488,21.4181214219423,21.9369169095457
SE,Sweden,1967,42.0983553264323,21.1060896213208,20.9922657051115
SE,Sweden,1968,43.14854906935,21.5645986027319,21.5839504666182
SE,Sweden,1969,45.8814591536233,22.8423047837807,23.0391543698427
SE,Sweden,1970,45.0627185753444,22.5756845854154,22.487033989929
SE,Sweden,1971,43.9357028681042,22.7988428076497,21.1368600604545
SE,Sweden,1972,43.3448890633332,22.6677487622303,20.6771403011029
SE,Sweden,1973,48.1493442796945,25.6814370538288,22.4679072258657
SE,Sweden,1974,60.2450205494078,30.1825297941095,30.0624907552984
SE,Sweden,1975,52.2221549070156,26.3772409572946,25.844913949721
SE,Sweden,1976,52.6426369003735,25.9042711455559,26.7383657548176
SE,Sweden,1977,52.1561072920054,25.6654890698709,26.4906182221345
SE,Sweden,1978,51.2450471448394,26.4486444254647,24.7964027193747
SE,Sweden,1979,57.1208950846522,28.4858781769946,28.6350169076576
SE,Sweden,1980,56.8328031925748,27.9280008302508,28.904802362324
SE,Sweden,1981,56.7097015484856,28.6211838027201,28.0885177457655
SE,Sweden,1982,61.7057038819935,30.9635774334233,30.7421264485702
SE,Sweden,1983,65.4280577661767,33.9909422267004,31.4371155394763
SE,Sweden,1984,65.3163948819303,34.6355162371184,30.6808786448118
SE,Sweden,1985,65.1150474692335,33.5824395293218,31.5326079399117
SE,Sweden,1986,59.2725339027317,31.3359677725371,27.9365661301945
SE,Sweden,1987,59.7126721699884,30.9385861985359,28.7740859714525
SE,Sweden,1988,59.37441796243,30.6545872850707,28.7198306773593
SE,Sweden,1989,60.0651013025414,30.4210820569624,29.644019245579
SE,Sweden,1990,56.7932802549181,28.7138768404157,28.0794034145025
SE,Sweden,1991,51.9893181881947,26.8346060554714,25.1547121327233
SE,Sweden,1992,51.6667134517798,26.6935908531442,24.9731225986356
SE,Sweden,1993,59.174404737527,31.2724829900994,27.9019217474277
SE,Sweden,1994,64.8539961245814,34.451829829729,30.4021662948525
SE,Sweden,1995,69.5500963064156,37.9608495328927,31.589246773523
SE,Sweden,1996,67.4066805970705,36.7885697624766,30.6181108345939
SE,Sweden,1997,73.0559877506086,39.9979129347599,33.0580748158486
SE,Sweden,1998,75.6237272912993,40.9622266176993,34.6615006736001
SE,Sweden,1999,75.9171426237842,40.9880418982109,34.9291007255733
SE,Sweden,2000,82.2145336558671,44.0374874246211,38.177046231246
SE,Sweden,2001,81.1522227182548,43.687215844533,37.4650068737217
SE,Sweden,2002,77.7400494724275,42.023280091097,35.7167693813305
SE,Sweden,2003,76.0510701218227,41.1917356463199,34.8593344755028
SE,Sweden,2004,79.2009907410012,43.3960510653207,35.8049396756804
SE,Sweden,2005,84.4771828467751,45.8207575335411,38.656425313234
SE,Sweden,2006,88.6820886969783,48.1317079805107,40.5503807164676
SE,Sweden,2007,89.4331779351787,48.2006117571645,41.2325661780142
SE,Sweden,2008,93.2467705541883,49.7531460063609,43.4936245478275
SE,Sweden,2009,83.0549065935117,44.4050426350596,38.6498639584521
SE,Sweden,2010,86.8083933817353,46.1349942562398,40.6733991254955
SE,Sweden,2011,88.5533712660572,46.6259478514729,41.9274234145843
SE,Sweden,2012,87.6182170642454,46.2720165600803,41.3462005041651
SE,Sweden,2013,83.0049452309643,43.7539133515407,39.2510318794236
SE,Sweden,2014,85.6617672246998,44.9864689127553,40.6752983119445
SE,Sweden,2015,86.2062580342508,45.5329863338302,40.6732717004205
SE,Sweden,2016,84.3731280627943,44.3998023485138,39.9733257142805
SI,Slovenia,1962,,,
SI,Slovenia,1963,,,
SI,Slovenia,1964,,,
SI,Slovenia,1965,,,
SI,Slovenia,1966,,,
SI,Slovenia,1967,,,
SI,Slovenia,1968,,,
SI,Slovenia,1969,,,
SI,Slovenia,1970,,,
SI,Slovenia,1971,,,
SI,Slovenia,1972,,,
SI,Slovenia,1973,,,
SI,Slovenia,1974,,,
SI,Slovenia,1975,,,
SI,Slovenia,1976,,,
SI,Slovenia,1977,,,
SI,Slovenia,1978,,,
SI,Slovenia,1979,,,
SI,Slovenia,1980,,,
SI,Slovenia,1981,,,
SI,Slovenia,1982,,,
SI,Slovenia,1983,,,
SI,Slovenia,1984,,,
SI,Slovenia,1985,,,
SI,Slovenia,1986,,,
SI,Slovenia,1987,,,
SI,Slovenia,1988,,,
SI,Slovenia,1989,,,
SI,Slovenia,1990,152.670441432604,81.3380339705564,71.3324074620474
SI,Slovenia,1991,142.307214723841,74.8633304087924,67.4438843150484
SI,Slovenia,1992,107.624562279949,56.5882422640801,51.0363200158685
SI,Slovenia,1993,105.032621783653,52.6532594987689,52.3793622848843
SI,Slovenia,1994,106.238521395771,53.7485686041788,52.4899527915927
SI,Slovenia,1995,93.4633009953227,45.60678069108,47.8565203042427
SI,Slovenia,1996,93.6277902329863,46.1893400688448,47.4384501641414
SI,Slovenia,1997,96.3260833934508,47.5938086300209,48.73227476343
SI,Slovenia,1998,96.775018227071,47.5407899295888,49.2342282974822
SI,Slovenia,1999,92.6291041468671,44.1477155052388,48.4813886416283
SI,Slovenia,2000,103.67912271171,50.00560338316,53.6735193285505
SI,Slovenia,2001,104.538694238516,51.7489200512356,52.7897741872799
SI,Slovenia,2002,103.327149013789,52.1575729009754,51.1695761128136
SI,Slovenia,2003,102.108466766251,50.8958502408984,51.2126165253526
SI,Slovenia,2004,111.377108700197,54.9662359275651,56.4108727726323
SI,Slovenia,2005,119.797480526799,59.5799406279248,60.2175398988739
SI,Slovenia,2006,129.438621391143,64.6953930634183,64.743228327725
SI,Slovenia,2007,136.491964495636,67.5970600995127,68.8949043961232
SI,Slovenia,2008,134.144353049272,66.1088340049416,68.0355190443304
SI,Slovenia,2009,112.616536910071,57.2426782788636,55.3738586312072
SI,Slovenia,2010,127.141330167444,64.2881147552492,62.8532154121944
SI,Slovenia,2011,138.912301308299,70.3739551320385,68.5383461762604
SI,Slovenia,2012,142.031251402418,73.1246325370883,68.9066188653295
SI,Slovenia,2013,143.474867534813,74.5170949645145,68.9577725702984
SI,Slovenia,2014,144.272407634591,75.8368433387359,68.4355642958547
SI,Slovenia,2015,145.294360859756,76.9369283181482,68.3574325416074
SI,Slovenia,2016,146.369222740089,77.7668382791548,68.6023844609345
SK,Slovak Republic,1962,,,
SK,Slovak Republic,1963,,,
SK,Slovak Republic,1964,,,
SK,Slovak Republic,1965,,,
SK,Slovak Republic,1966,,,
SK,Slovak Republic,1967,,,
SK,Slovak Republic,1968,,,
SK,Slovak Republic,1969,,,
SK,Slovak Republic,1970,,,
SK,Slovak Republic,1971,,,
SK,Slovak Republic,1972,,,
SK,Slovak Republic,1973,,,
SK,Slovak Republic,1974,,,
SK,Slovak Republic,1975,,,
SK,Slovak Republic,1976,,,
SK,Slovak Republic,1977,,,
SK,Slovak Republic,1978,,,
SK,Slovak Republic,1979,,,
SK,Slovak Republic,1980,,,
SK,Slovak Republic,1981,,,
SK,Slovak Republic,1982,,,
SK,Slovak Republic,1983,,,
SK,Slovak Republic,1984,,,
SK,Slovak Republic,1985,,,
SK,Slovak Republic,1986,,,
SK,Slovak Republic,1987,,,
SK,Slovak Republic,1988,,,
SK,Slovak Republic,1989,,,
SK,Slovak Republic,1990,58.3416749819773,25.0316681261593,33.310006855818
SK,Slovak Republic,1991,89.90857517864,43.707642886483,46.2009322921571
SK,Slovak Republic,1992,136.203529140257,66.4742198113206,69.729309328936
SK,Slovak Republic,1993,114.80010310895,55.1373890303243,59.6627140786252
SK,Slovak Republic,1994,111.132164974772,58.1544443913734,52.977720583399
SK,Slovak Republic,1995,111.238295992162,56.6849123260457,54.5533836661167
SK,Slovak Republic,1996,115.223276415405,52.2867787106934,62.9364977047116
SK,Slovak Republic,1997,119.540843822318,55.0673474769056,64.4734963454124
SK,Slovak Republic,1998,103.922194424081,46.6571717360448,57.2650226880362
SK,Slovak Republic,1999,99.3564855116238,47.4785296379812,51.8779558736425
SK,Slovak Republic,2000,110.69943166237,54.0657206165597,56.63371104581
SK,Slovak Republic,2001,123.615640077874,57.7947843673601,65.8208557105144
SK,Slovak Republic,2002,122.196134844134,57.4823922268769,64.7137426172568
SK,Slovak Republic,2003,126.282994543616,62.1928456495847,64.0901488940316
SK,Slovak Republic,2004,140.161823707054,68.7124767038628,71.4493470031914
SK,Slovak Republic,2005,148.67939743123,72.0456267341533,76.6337706970762
SK,Slovak Republic,2006,166.031100399692,81.0266400626251,85.0044603370664
SK,Slovak Republic,2007,167.670854904699,83.2757640520849,84.395090852614
SK,Slovak Republic,2008,162.920929761002,80.045336347191,82.8755934138106
SK,Slovak Republic,2009,136.701526970102,67.6092509853598,69.0922759847424
SK,Slovak Republic,2010,154.123059806721,76.3352577866102,77.7878020201107
SK,Slovak Republic,2011,171.007872957736,85.0470339297725,85.9608390279638
SK,Slovak Republic,2012,179.193878843241,91.4301238786082,87.7637549646329
SK,Slovak Republic,2013,183.405464372307,93.8195013492877,89.5859630230188
SK,Slovak Republic,2014,180.278818457979,91.8529634236053,88.4258550343735
SK,Slovak Republic,2015,183.118713958796,92.3088157555989,90.8098982031974
SK,Slovak Republic,2016,183.992985848276,93.5035170295627,90.4894688187129
